題號,題目,選項1,選項2,選項3,選項4,答案,答案說明
1,比喻收入不夠支出，預支以後的用項。,細水長流,開源節流,寅吃卯糧,節衣縮食,C,"1．細水長流：比喻節約使用財物，使之能長久使用。
2．開源節流：開發財源，節省支出，以儲蓄財力。
4．節衣縮食：用來形容生活節儉。"
2,對極少的錢財或極細小的事情，都要仔細計較。,錙銖必較,揮金如土,秋毫無犯,明察秋毫,A,"2．揮金如土：比喻極端浪費錢財。
3．秋毫無犯：比喻對任何東西都不侵犯、不取用。
4．明察秋毫：比喻人能洞察一切，看到極細微的地方。"
3,指空居職位享受俸祿而不盡職守。,運籌帷幄,克勤克儉,尸位素餐,枵腹從公,C,"1．運籌帷幄：比喻謀劃策略。
2．克勤克儉：既能勤勞做事，又能節省用度。
4．枵腹從公：形容不顧己身，勤於公事。"
4,比喻不自量力。,蚍蜉撼樹,螳螂捕蟬,狐假虎威,杯水車薪,A,"2．螳螂捕蟬：比喻眼光短淺，只貪圖眼前的利益而不顧後患。
3．狐假虎威：比喻藉著有權者的威勢欺壓他人、作威作福。
4．杯水車薪：比喻力量太小，無濟於事。"
5,比喻理解事物籠統含糊，或為學不求甚解。,尋章摘句,斷章取義,囫圇吞棗,融會貫通,C,"1．尋章摘句：讀書時著重搜求、摘取漂亮詞句，而少深入研究。
2．斷章取義：指截取文章或談話中的某一段落，而不顧整體內容的原意。
4．融會貫通：形容將各種知識或事物加以融合、貫穿，進而獲得全面通徹的領會。"
6,讀書時著重搜求、摘取漂亮詞句，而少深入研究。,尋章摘句,開宗明義,引經據典,文不加點,A,"2．開宗明義：說話或寫文章一開始就揭明主旨綱要。
3．引經據典：引用經書典籍等做為說話、作文的依據。
4．文不加點：形容文思敏捷、下筆成章，通篇無所塗改。"
7,比喻踰越職分代人辦事。,假公濟私,越俎代庖,蕭規曹隨,李代桃僵,B,"1．假公濟私：假借公家的名義以謀取個人的私利。
3．蕭規曹隨：比喻後人依循前人所訂的規章辦事。
4．李代桃僵：比喻以此代彼或代人受過。"
8,比喻能繼承父親的事業。,青出於藍,濫竽充數,克紹箕裘,數典忘祖,C,"1．青出於藍：比喻弟子勝過老師，或後輩優於前輩。
2．濫竽充數：比喻沒有真才實學的人，混在行家中充數。
4．數典忘祖：比喻人忘本。"
9,比喻極容易做到，毫不費力。,螳臂當車,一蹶不振,摧枯拉朽,根深蒂固,C,"1．螳臂當車：比喻不自量力。
2．一蹶不振：比喻一遭受挫敗，就再也不能振作起來。
4．根深蒂固：比喻根基堅固，不可動搖。"
10,比喻團體內部不和睦。,兄弟鬩牆,斷章取義,同仇敵愾,難兄難弟,A,"2．斷章取義：指截取文章或談話中的某一段落，而不顧整體內容的原意。
3．同仇敵愾：指共同抵禦仇敵。
4．難兄難弟：稱讚兄弟才德相當，難分高下。"
11,比喻抓住事理的重點。,斷章取義,捨本逐末,提綱挈領,牽強附會,C,"1．斷章取義：指截取文章或談話中的某一段落，而不顧整體內容的原意。
2．捨本逐末：指不求事物的根本大端，只重視微末小節。
4．牽強附會：生拉硬扯，勉強湊合。"
12,指因文字形似而致傳寫或刊刻錯誤。,以訛傳訛,張冠李戴,指鹿為馬,魯魚亥豕,D,"1．以訛傳訛：指將不正確的訊息繼續傳播下去。
2．張冠李戴：比喻認錯對象或弄錯事情。
3．指鹿為馬：比喻人刻意混淆是非，顛倒黑白。"
13,比喻互相研究討論，取長補短，以求精進。,孤陋寡聞,切磋琢磨,食古不化,師心自用,B,"1．孤陋寡聞：形容學識淺薄，見聞不廣。
3．食古不化：比喻一味守舊而不知變通。
4．師心自用：形容人固執己見，自以為是。"
14,比喻不知羞恥。,不恥下問,自慚形穢,無地自容,寡廉鮮恥,D,"1．不恥下問：不以向身分較低微或是學問較自己淺陋的人求教為羞恥。
2．自慚形穢：泛指與人相比自愧不如。
3．無地自容：形容羞愧至極。"
15,形容錢財窘乏，經濟困難。,腰纏萬貫,揮金如土,慷慨解囊,阮囊羞澀,D,"1．腰纏萬貫：比喻財富極多。
2．揮金如土：比喻極端浪費錢財。
3．慷慨解囊：指輕財仗義，毫不吝嗇地捐助錢財給人。"
16,比喻捨己救世，不辭勞苦。,沽名釣譽,自顧不暇,明哲保身,摩頂放踵,D,"1．沽名釣譽：故意使用手段，謀取名聲和讚譽。
2．自顧不暇：形容自身難保，沒有餘力再管別的事情。
3．明哲保身：明達事理、洞見時勢的人，不參與會帶給自己危險的事。"
17,形容日夜勤奮不懈怠。,養精蓄銳,夙夜匪懈,以逸待勞,一暴十寒,B,"1．養精蓄銳：保養精神，積蓄力量。
3．以逸待勞：作戰時養精蓄銳，等敵方疲憊時再予以攻擊。
4．一暴十寒：比喻人做事缺乏恆心，時常中斷。"
18,比喻缺點與優點同時並存。,良莠不齊,瑕瑜互見,魚目混珠,勢不兩立,B,"1．良莠不齊：好壞參差，素質不一。
3．魚目混珠：比喻以假亂真。
4．勢不兩立：比喻敵對的雙方不能同時並存。"
19,比喻事先採取措施，以防止危險發生。,揚湯止沸,曲突徙薪,抱薪救火,臨渴掘井,B,"1．揚湯止沸：比喻暫時紓解困境，無法根本解決問題。
3．抱薪救火：比喻用錯方法，而致禍害加深。
4．臨渴掘井：比喻事到臨頭才著手準備，為時已晚，無濟於事。"
20,形容文章篇幅冗長。,文不對題,連篇累牘,言簡意賅,文不加點,B,"1．文不對題：文章內容和題目不相符合。
3．言簡意賅：言辭簡單而意思完備。
4．文不加點：形容文思敏捷、下筆成章，通篇無所塗改。"
21,比喻重複累贅。,根深蒂固,疊床架屋,海市蜃樓,推陳出新,B,"1．根深蒂固：比喻根基堅固，不可動搖。
3．海市蜃樓：由於光線折射造成的自然現象或虛幻的影象。
4．推陳出新：比喻排除老舊的，創造出嶄新的事物或方法。"
22,形容夜以繼日地勤奮讀書，或不眠不休地工作。,一暴十寒,不求甚解,焚膏繼晷,目不識丁,C,"1．一暴十寒：比喻人做事缺乏恆心，時常中斷。
2．不求甚解：讀書著重理解義理，而不過度鑽研字句上的解釋。
4．目不識丁：比喻不識字或毫無學問。"
23,比喻見識狹窄，以有限的眼光或知識推測廣大的事物。,一葉知秋,以貌取人,高瞻遠矚,管窺蠡測,D,"1．一葉知秋：比喻由細微的徵兆，可推知事物的演變和趨勢。
2．以貌取人：以容貌儀表作為評斷或選取人才的標準。
3．高瞻遠矚：形容見識遠大。"
24,指軍隊受到人民的擁護與愛戴，紛紛慰勞犒賞。,厲兵秣馬,簞食壺漿,簞食瓢飲,眾望所歸,B,"1．厲兵秣馬：指完成作戰準備。
3．簞食瓢飲：比喻生活簡單、清苦。
4．眾望所歸：深得眾人擁護、愛戴。"
25,征討殘暴有罪的統治者，以撫慰受難的百姓。,窮兵黷武,馬革裹屍,偃武修文,弔民伐罪,D,"1．窮兵黷武：表示恣意運用兵力，發動戰爭。
2．馬革裹屍：比喻英勇作戰，效命沙場。
3．偃武修文：偃息武備，提倡文教。"
26,比喻做事拘泥而不知變通。,通權達變,移風易俗,因時制宜,膠柱鼓瑟,D,"1．通權達變：指不墨守常規，根據實際情況作適當的處置。
2．移風易俗：改善不良的社會風氣和習俗。
3．因時制宜：根據不同時期的情況，採取合宜的措施應對。"
27,比喻人雖年老，仍懷雄心壯志。,少年老成,倚老賣老,老驥伏櫪,老氣橫秋,C,"1．少年老成：年紀雖輕，舉止卻成熟穩重。
2．倚老賣老：自以為年紀大，閱歷豐富，而看不起別人。
4．老氣橫秋：形容人老練而自負的神態。"
28,比喻不能相容。,方枘圓鑿,不即不離,伯仲之間,珠聯璧合,A,"2．不即不離：指人、事、物之間既不太近，但也不太遠的關係。
3．伯仲之間：形容人才能相當，不相上下。
4．珠聯璧合：比喻人才或美好的事物相匹配或同時薈集。"
29,比喻後人依循前人所訂的規章辦事。,改弦更張,另起爐灶,越俎代庖,蕭規曹隨,D,"1．改弦更張：比喻改革變更，重新做起。
2．另起爐灶：比喻捨棄舊事物，重新來過。
3．越俎代庖：比喻踰越職分代人辦事。"
30,在酒宴談判間，不以武力制敵取勝。,短兵相接,背水一戰,兵不血刃,折衝尊俎,D,"1．短兵相接：比喻近距離激烈地搏打、爭鬥。
2．背水一戰：比喻抱著必死的決心，奮戰取勝。
3．兵不血刃：比喻輕易得勝。"
31,比喻可以達到求官、求名、求利的便捷途徑。,不二法門,終南捷徑,南轅北轍,捷足先登,B,"1．不二法門：比喻唯一的方法或途徑。
3．南轅北轍：比喻行動和想要達到的目的相反。
4．捷足先登：比喻行動最快者先達到目的。"
32,比喻只求解決眼前困難，而不顧將來更大的禍患。,釜底抽薪,望梅止渴,飲鴆止渴,曲突徙薪,C,"1．釜底抽薪：比喻從根本上解決問題。
2．望梅止渴：比喻以空想來安慰自己。
4．曲突徙薪：比喻事先採取措施，以防止危險發生。"
33,比喻學識淺陋的人。,大智若愚,吳下阿蒙,學富五車,老馬識途,B,"1．大智若愚：表示具有極高智慧的人，往往表面上看起來似乎愚笨。
3．學富五車：形容人書讀很多，學識廣博。
4．老馬識途：比喻有經驗的人對情況比較熟悉，容易把工作做好。"
34,形容老年人恬適悠閒的生活樂趣。,倚老賣老,含飴弄孫,克紹箕裘,老蚌生珠,B,"1．倚老賣老：自以為年紀大，閱歷豐富，而看不起別人。
3．克紹箕裘：比喻能繼承父親的事業。
4．老蚌生珠：比喻年老得子，或稱高齡的女性產下子女。使用上常帶有戲謔的性質。"
35,指一切遵循舊規。,率由舊章,斷章取義,改弦易轍,自出機杼,A,"2．斷章取義：指截取文章或談話中的某一段落，而不顧整體內容的原意。
3．改弦易轍：比喻改變制度、做法或態度。
4．自出機杼：比喻獨創新意、風格。"
36,比喻穿鑿附會，曲解原意。,郢書燕說,言簡意賅,一語道破,引經據典,A,"2．言簡意賅：言辭簡單而意思完備。
3．一語道破：謂一句話就把事理的真相說穿。
4．引經據典：引用經書典籍等做為說話、作文的依據。"
37,指被選為女婿。,舉案齊眉,雀屏中選,弄璋之喜,弄瓦之喜,B,"1．舉案齊眉：比喻夫妻相敬如賓。
3．弄璋之喜：恭喜人生男孩的賀詞。
4．弄瓦之喜：祝賀人生女之辭。"
38,比喻盡其所有，不留餘地。,竭澤而漁,緣木求魚,斬草除根,細水長流,A,"2．緣木求魚：比喻用錯方法，徒勞無功。
3．斬草除根：比喻除去禍根，不留後患。
4．細水長流：比喻節約使用財物，使之能長久使用。"
39,比喻後悔已遲。,噬臍莫及,防微杜漸,望塵莫及,亡羊補牢,A,"2．防微杜漸：防範弊病要從小地方著手，並制止弊端逐漸擴大。
3．望塵莫及：比喻遠遠落在他人之後。
4．亡羊補牢：比喻犯錯後及時更正，尚能補救。"
40,比喻物價昂貴。,腰纏萬貫,囊空如洗,米珠薪桂,一錢不值,C,"1．腰纏萬貫：比喻財富極多。
2．囊空如洗：形容窮到極點身上連一個錢也沒有。
4．一錢不值：比喻毫無價值。"
41,以從前的過失為教訓，戒慎自己不再犯錯。,懲前毖後,故態復萌,前倨後恭,不念舊惡,A,"2．故態復萌：形容老毛病又犯了。
3．前倨後恭：比喻待人勢利，態度轉變迅速。
4．不念舊惡：不記以往的過錯嫌隙。"
42,外表嚴厲而內心怯懦。,大智若愚,道貌岸然,色厲內荏,疾言厲色,C,"1．大智若愚：表示具有極高智慧的人，往往表面上看起來似乎愚笨。
2．道貌岸然：形容外表莊重嚴肅的樣子。
4．疾言厲色：言語急迫，神色嚴厲。形容人發怒的樣子。"
43,偃息武備，提倡文教。,偃武修文,厲兵秣馬,窮兵黷武,投筆從戎,A,"2．厲兵秣馬：指完成作戰準備。
3．窮兵黷武：表示恣意運用兵力，發動戰爭。
4．投筆從戎：比喻棄文從軍，以衛國立功。"
44,形容口吃結巴的樣子。,支吾其詞,滔滔不絕,期期艾艾,言不由衷,C,"1．支吾其詞：形容以含混牽強的言語，搪塞應付他人。
2．滔滔不絕：水勢滾滾，連續不斷。
4．言不由衷：心口不一，虛應敷衍。"
45,形容愚昧無知與缺乏常識。,學富五車,不辨菽麥,冥頑不靈,豐衣足食,B,"1．學富五車：形容人書讀很多，學識廣博。
3．冥頑不靈：愚昧頑固而不通靈性。
4．豐衣足食：形容生活富裕。"
46,形容分析、評論深入透澈，切中要害。,咬文嚼字,浮光掠影,鞭辟入裡,頑石點頭,C,"1．咬文嚼字：形容在字句上推敲琢磨。
2．浮光掠影：比喻見識粗淺，不夠仔細深入。
4．頑石點頭：比喻說理透澈，使人心服。"
47,比喻因曾受某種事物傷害，遇到類似情形便過分驚懼。,杞人憂天,吳牛喘月,大驚小怪,如釋重負,B,"1．杞人憂天：比喻缺乏根據且不必要的憂慮。
3．大驚小怪：形容為一些不足為奇的小事而過分聲張、驚怪。
4．如釋重負：像放下重擔那樣輕鬆。"
48,比喻任職的時間短暫，或無法作長遠打算。,老驥伏櫪,青雲直上,五日京兆,曇花一現,C,"1．老驥伏櫪：比喻人雖年老，仍懷雄心壯志。
2．青雲直上：比喻順利而迅速地升上高位。
4．曇花一現：人或事物一出現便迅速消失。"
49,比喻能使人警醒、受到啟發的言論或力量。,靡靡之音,響遏行雲,暮鼓晨鐘,空谷足音,C,"1．靡靡之音：指頹廢淫蕩、足以使人喪志的音樂。
2．響遏行雲：形容歌聲響亮高妙。
4．空谷足音：比喻難得的人物、言論或事物。"
50,比喻讀書勤奮，反覆研讀以致編書的皮繩多次斷裂。,韋編三絕,融會貫通,尋章摘句,學富五車,A,"2．融會貫通：形容將各種知識或事物加以融合、貫穿，進而獲得全面通徹的領會。
3．尋章摘句：讀書時著重搜求、摘取漂亮詞句，而少深入研究。
4．學富五車：形容人書讀很多，學識廣博。"
51,比喻賢才不被重用。,黃鐘毀棄,大器晚成,瓦釜雷鳴,楚材晉用,A,"2．大器晚成：比喻卓越的人才往往成就較晚。
3．瓦釜雷鳴：比喻平庸無才德的人卻居於顯赫的高位。
4．楚材晉用：比喻人才外流。"
52,比喻無故受到牽累。,殃及池魚,自作自受,趁火打劫,隔岸觀火,A,"2．自作自受：自己做了錯事，由自己承擔不良後果。
3．趁火打劫：比喻趁人之危，從中取利。
4．隔岸觀火：比喻事不干己，袖手旁觀，漠不關心。"
53,比喻暫時紓解困境，無法根本解決問題。,正本清源,迎刃而解,揚湯止沸,杯水車薪,C,"1．正本清源：比喻澈底改革以解決問題。
2．迎刃而解：比喻主要問題解決後，其他相關問題也就容易解決。
4．杯水車薪：比喻力量太小，無濟於事。"
54,比喻熱情迎接賓客。,門可羅雀,閉門造車,喧賓奪主,倒屣相迎,D,"1．門可羅雀：形容來客稀少、門庭冷落。
2．閉門造車：比喻凡事只憑主觀辦事，不問是否切合實際。
3．喧賓奪主：指賓客聲勢強大，占了主人的位置，反客為主。"
55,形容歌聲響亮高妙。,高山流水,萬籟俱寂,靡靡之音,響遏行雲,D,"1．高山流水：形容樂曲高妙。
2．萬籟俱寂：萬物無聲，一片寂靜。
3．靡靡之音：指頹廢淫蕩、足以使人喪志的音樂。"
56,比喻企圖兼有兩利，貪得無厭。,安貧樂道,細水長流,野心勃勃,東食西宿,D,"1．安貧樂道：能安於貧困的處境，並仍以信守道義為樂。
2．細水長流：比喻節約使用財物，使之能長久使用。
3．野心勃勃：形容狂妄非分之心或遠大的企圖。"
57,形容來訪人數眾多。,門可羅雀,戶限為穿,倒屣相迎,不速之客,B,"1．門可羅雀：形容來客稀少、門庭冷落。
3．倒屣相迎：比喻熱情迎接賓客。
4．不速之客：沒有邀請就自己來的客人。"
58,比喻人雖裝扮得像樣，卻不改粗鄙的本質。,大智若愚,沐猴而冠,似是而非,脫胎換骨,B,"1．大智若愚：表示具有極高智慧的人，往往表面上看起來似乎愚笨。
3．似是而非：表面上好像正確，實際上卻是錯誤的。
4．脫胎換骨：比喻澈底改變。"
59,形容假意慇懃，敷衍應付。,心悅誠服,推心置腹,開誠布公,虛與委蛇,D,"1．心悅誠服：誠心誠意地歸服。
2．推心置腹：比喻以至誠待人。
3．開誠布公：比喻誠意待人，坦白無私。"
60,比喻流言可畏或稱誣枉的災禍。,曾參殺人,信口雌黃,引狼入室,無妄之災,A,"2．信口雌黃：比喻不顧事實真相，隨口亂說或妄加批評。
3．引狼入室：比喻自招其禍。
4．無妄之災：比喻意外的災禍。"
61,比喻平庸無才德的人卻居於顯赫的高位。,懷才不遇,黃鐘毀棄,山高水長,瓦釜雷鳴,D,"1．懷才不遇：懷有才能卻際遇不佳，不受重用。
2．黃鐘毀棄：比喻賢才不被重用。
3．山高水長：比喻人品高潔，垂範久遠。"
62,比喻平凡人所貢獻的平凡事物。,拋磚引玉,班門弄斧,沽名釣譽,野人獻曝,D,"1．拋磚引玉：比喻先提出自己粗淺的意見，以引出別人的高見。常用作自謙之詞。
2．班門弄斧：比喻在行家面前賣弄本事，不自量力。
3．沽名釣譽：故意使用手段，謀取名聲和讚譽。"
63,形容不顧己身，勤於公事。,枵腹從公,大公無私,假公濟私,尸位素餐,A,"2．大公無私：秉公處理，毫無偏私。
3．假公濟私：假借公家的名義以謀取個人的私利。
4．尸位素餐：指空居職位享受俸祿而不盡職守。"
64,比喻人有勇而無謀。,運籌帷幄,深謀遠慮,暴虎馮河,臨深履薄,C,"1．運籌帷幄：比喻謀劃策略。
2．深謀遠慮：計畫周密而慮事深遠。
4．臨深履薄：比喻戒慎恐懼，十分小心。"
65,形容衣服破爛不堪。,鶉衣百結,解衣推食,衣冠楚楚,衣錦還鄉,A,"2．解衣推食：將衣食贈送他人，以示關懷之意。
3．衣冠楚楚：形容男子服裝整齊出眾。
4．衣錦還鄉：形容人功成名就後榮歸故鄉。"
66,比喻在外奔走，極為辛勞。,養尊處優,風調雨順,櫛風沐雨,風雨飄搖,C,"1．養尊處優：自處尊貴，生活優裕。
2．風調雨順：風雨及時而適量。形容豐年安樂，天下太平的景象。
4．風雨飄搖：比喻局勢動盪不安，基礎不穩固。"
67,比喻落後很多，追趕不上。,分庭抗禮,後來居上,瞠乎其後,青出於藍,C,"1．分庭抗禮：比喻雙方地位、聲勢相當，可以平等對立。
2．後來居上：形容後來的人或事物超越原領先者。
4．青出於藍：比喻弟子勝過老師，或後輩優於前輩。"
68,比喻才智平庸的人，若能努力不懈，也能趕得上聰明的人。,駑馬十駕,後生可畏,一暴十寒,愚公移山,A,"2．後生可畏：比喻年輕人的成就超越先輩，令人敬畏。
3．一暴十寒：比喻人做事缺乏恆心，時常中斷。
4．愚公移山：比喻努力不懈，終能達成目標。"
69,比喻學習受到周圍眾人的干擾，難以有所成效。,三人成虎,一傅眾咻,循循善誘,因材施教,B,"1．三人成虎：比喻謠言再三重複，亦能使人信以為真。
3．循循善誘：形容善於循序漸進地誘導別人。
4．因材施教：依據受教者不同的資質與能力，給予適合的教導。"
70,形容哀痛到了極點。,心花怒放,義憤填膺,椎心泣血,怒髮衝冠,C,"1．心花怒放：形容心情極其快活。
2．義憤填膺：指胸中充滿因正義而激起的憤怒。
4．怒髮衝冠：形容盛怒的樣子。"
71,比喻前人的教訓近在眼前，不可不慎。,殷鑒不遠,十惡不赦,既往不咎,後生可畏,A,"2．十惡不赦：形容罪大惡極，不可饒恕。
3．既往不咎：對過去的錯誤不再追究責難。
4．後生可畏：比喻年輕人的成就超越先輩，令人敬畏。"
72,指人作惡多端，不肯悔改。,洗心革面,十惡不赦,怙惡不悛,痛定思痛,C,"1．洗心革面：比喻澈底悔悟，改過遷善。
2．十惡不赦：形容罪大惡極，不可饒恕。
4．痛定思痛：悲痛平息後，回想當時遭受的痛苦。"
73,形容富貴之家的奢侈豪華。,簞食瓢飲,鶉衣百結,簞食壺漿,鐘鳴鼎食,D,"1．簞食瓢飲：比喻生活簡單、清苦。
2．鶉衣百結：形容衣服破爛不堪。
3．簞食壺漿：指軍隊受到人民的擁護與愛戴，紛紛慰勞犒賞。"
74,比喻身處險境，危在旦夕。,魚遊釜中,金蟬脫殼,如魚得水,盲人瞎馬,A,"2．金蟬脫殼：比喻利用假象藉以脫身。
3．如魚得水：比喻得到與自己志同道合的人或適合於自己發展的環境。
4．盲人瞎馬：比喻茫然不知處境極為危險。"
75,比喻夫妻共度貧困的生活。,牛衣對泣,破鏡重圓,養尊處優,舉案齊眉,A,"2．破鏡重圓：比喻夫妻離散或情感決裂後重新團圓合好。
3．養尊處優：自處尊貴，生活優裕。
4．舉案齊眉：比喻夫妻相敬如賓。"
76,比喻復興家國的壯烈情懷。,運籌帷幄,急流勇退,隨波逐流,中流擊楫,D,"1．運籌帷幄：比喻謀劃策略。
2．急流勇退：比喻在仕途順遂、地位得意時，及早引退。
3．隨波逐流：比喻沒有自己的立場，隨著他人或世俗風氣行動。"
77,比喻人在達到目的成功後就忘掉賴以成功的手段或憑藉物。,過猶不及,飲水思源,得魚忘筌,得意忘形,C,"1．過猶不及：做事過分就好比做得不夠一樣，皆不妥當；指事情要做得恰到好處。
2．飲水思源：比喻人不忘本。
4．得意忘形：形容人高興過頭，舉止失去常態。"
78,好壞參差，素質不一。,光怪陸離,涇渭分明,良莠不齊,魚目混珠,C,"1．光怪陸離：形容現象離奇怪異，色彩參差錯雜。
2．涇渭分明：比喻彼此的區別非常清楚。
4．魚目混珠：比喻以假亂真。"
79,比喻難得的人物、言論或事物。,響遏行雲,空谷足音,拾人牙慧,靡靡之音,B,"1．響遏行雲：形容歌聲響亮高妙。
3．拾人牙慧：比喻蹈襲他人的言論或主張。
4．靡靡之音：指頹廢淫蕩、足以使人喪志的音樂。"
80,比喻名門出俊秀子弟。,弄璋之喜,拋磚引玉,青出於藍,藍田生玉,D,"1．弄璋之喜：恭喜人生男孩的賀詞。
2．拋磚引玉：比喻先提出自己粗淺的意見，以引出別人的高見。常用作自謙之詞。
3．青出於藍：比喻弟子勝過老師，或後輩優於前輩。"
81,比喻品性相投的壞人勾結在一起。,如膠似漆,同室操戈,同心協力,沆瀣一氣,D,"1．如膠似漆：比喻感情的堅固或親密。
2．同室操戈：比喻兄弟不睦或內部的爭鬥。
3．同心協力：團結一致，共同努力。"
82,比喻無法引起大眾的共鳴。,炙手可熱,害群之馬,譁眾取寵,曲高和寡,D,"1．炙手可熱：比喻地位尊貴，勢燄熾盛。
2．害群之馬：比喻危害大眾的人。
3．譁眾取寵：用迎合眾人喜好的言語行動，博取他人對自己的喜愛。"
83,比喻糟蹋物力，不知珍惜。,節衣縮食,敝帚自珍,守株待兔,暴殄天物,D,"1．節衣縮食：用來形容生活節儉。
2．敝帚自珍：比喻東西雖不好，卻因為是自己所擁有，故非常珍視。
3．守株待兔：比喻拘泥守成，不知變通。"
84,指頹廢淫蕩、足以使人喪志的音樂。,空谷足音,餘音繞梁,驚天動地,靡靡之音,D,"1．空谷足音：比喻難得的人物、言論或事物。
2．餘音繞梁：形容歌聲或音樂美妙感人，餘味不絕。
3．驚天動地：形容聲音很大。"
85,比喻以假亂真。,珠聯璧合,魚目混珠,明珠暗投,買櫝還珠,B,"1．珠聯璧合：比喻人才或美好的事物相匹配或同時薈集。
3．明珠暗投：比喻懷才不遇，高才屈居下位。
4．買櫝還珠：比喻捨本逐末，取捨失當。"
86,比喻人因擁有才能而招致禍患。,咎由自取,怙惡不悛,山木自寇,懷才不遇,C,"1．咎由自取：所有的罪過、災禍都是自己造成的。
2．怙惡不悛：指人作惡多端，不肯悔改。
4．懷才不遇：懷有才能卻際遇不佳，不受重用。"
87,防止私欲的心有如防止敵人攻城。,防意如城,城下之盟,胸有成竹,曲突徙薪,A,"2．城下之盟：泛指被迫簽訂的屈辱性條約。
3．胸有成竹：比喻處事有定見。
4．曲突徙薪：比喻事先採取措施，以防止危險發生。"
88,姑且隨便說說，表示說的不一定是正確的話。,信誓旦旦,姑妄言之,口是心非,一語道破,B,"1．信誓旦旦：指誓言說得非常誠懇可信。
3．口是心非：指心裡想的和嘴上說的不一致。
4．一語道破：謂一句話就把事理的真相說穿。"
89,比喻事物不用推廣，也能迅速傳播。,道聽塗說,不翼而飛,不脛而走,目不暇給,C,"1．道聽塗說：泛指沒有經過證實、缺乏根據的話。
2．不翼而飛：比喻物品無故遺失。
4．目不暇給：形容眼前美好事物不斷或景物變化太快，讓人來不及觀賞。"
90,形容文思敏捷、下筆成章，通篇無所塗改。,文過飾非,文不加點,尋章摘句,咬文嚼字,B,"1．文過飾非：掩飾過失、錯誤。
3．尋章摘句：讀書時著重搜求、摘取漂亮詞句，而少深入研究。
4．咬文嚼字：形容在字句上推敲琢磨。"
91,比喻奸臣盜弄政權，顛倒是非，欺上瞞下。,偷天換日,撥亂反正,移風易俗,移天易日,D,"1．偷天換日：比喻騙局之大與技巧之妙。
2．撥亂反正：扭轉亂象，歸於正道。
3．移風易俗：改善不良的社會風氣和習俗。"
92,比喻人的資質雖好，卻始終沒有成就。,曇花一現,青出於藍,苗而不秀,大器晚成,C,"1．曇花一現：人或事物一出現便迅速消失。
2．青出於藍：比喻弟子勝過老師，或後輩優於前輩。
4．大器晚成：比喻卓越的人才往往成就較晚。"
93,比喻技藝純熟高超。,目無全牛,目不識丁,目不見睫,目中無人,A,"2．目不識丁：比喻不識字或毫無學問。
3．目不見睫：比喻人無自知之明，不能看見自己的過失。
4．目中無人：形容人高傲自大，瞧不起別人。"
94,形容除自身之外沒有多餘的東西，生活簡樸或貧窮。,腰纏萬貫,不學無術,身無長物,安身立命,C,"1．腰纏萬貫：比喻財富極多。
2．不學無術：人未經學習而沒有學問才幹。
4．安身立命：指居處得以容身，生活便有著落，精神上亦有所寄託。"
95,比喻人無自知之明，不能看見自己的過失。,明察秋毫,目不暇給,目不交睫,目不見睫,D,"1．明察秋毫：比喻人能洞察一切，看到極細微的地方。
2．目不暇給：形容眼前美好事物不斷或景物變化太快，讓人來不及觀賞。
3．目不交睫：比喻人忙碌或心情不安而不能入眠。"
96,比喻不識字或毫無學問。,孤芳自賞,不識之無,學富五車,大智若愚,B,"1．孤芳自賞：比喻自命清高，自我欣賞。
3．學富五車：形容人書讀很多，學識廣博。
4．大智若愚：表示具有極高智慧的人，往往表面上看起來似乎愚笨。"
97,形容非常感謝。,感激涕零,刻骨銘心,如膠似漆,春風得意,A,"2．刻骨銘心：形容感受深刻，難以忘懷。
3．如膠似漆：比喻感情的堅固或親密。
4．春風得意：指考中後稱心如意的感受。"
98,比喻說話、做事未能觸及要害，如隔著鞋子抓癢，難以奏效。,隔靴搔癢,一針見血,對牛彈琴,三緘其口,A,"2．一針見血：比喻言論簡潔透澈，深中肯綮。
3．對牛彈琴：比喻講話、做事不看對象。
4．三緘其口：說話謹慎或不說話。"
99,比喻謀劃策略。,匹夫之勇,包藏禍心,東窗事發,運籌帷幄,D,"1．匹夫之勇：形容人有勇無謀。
2．包藏禍心：懷藏詭計，圖謀害人。
3．東窗事發：指陰謀或非法勾當敗漏。"
100,比喻經過世事汰換而極少數留存的可貴人物或成果。,付之一炬,碩果僅存,生吞活剝,春華秋實,B,"1．付之一炬：指物品、成果悉數被焚燬。
3．生吞活剝：比喻做學問或學習某事，只一味襲用他人的經驗或成果，而不求甚解。
4．春華秋實：比喻才學與德行，或學習有了成果。"
101,表面上裝著遵守奉行，暗地裡卻違反不照辦。,大智若愚,暗度陳倉,似是而非,陽奉陰違,D,"1．大智若愚：表示具有極高智慧的人，往往表面上看起來似乎愚笨。
2．暗度陳倉：比喻表面上採取某種做法，暗中卻進行另一項活動。
3．似是而非：表面上好像正確，實際上卻是錯誤的。"
102,指簡單清淡的飲食。,飢不擇食,酒囊飯袋,粗茶淡飯,安身立命,C,"1．飢不擇食：指飢餓的人不選擇食物。
2．酒囊飯袋：稱只會吃喝，而不會辦事的無能之人。
4．安身立命：指居處得以容身，生活便有著落，精神上亦有所寄託。"
103,既能勤勞做事，又能節省用度。,磨杵成針,細水長流,夙興夜寐,克勤克儉,D,"1．磨杵成針：比喻只要有恆心，努力去做，無論多麼困難的事，都可以成功。
2．細水長流：比喻節約使用財物，使之能長久使用。
3．夙興夜寐：形容終日勤勞。"
104,比喻拐彎抹角地罵人。,指桑罵槐,開門見山,滄海桑田,出人頭地,A,"2．開門見山：一開門就見到山巒。
3．滄海桑田：大海變為陸地，陸地淪為大海。比喻環境變化很大。
4．出人頭地：超越他人，獨露頭角。"
105,比喻到處都是流離失所的難民。,安居樂業,滿城風雨,招搖撞騙,哀鴻遍野,D,"1．安居樂業：人民生活安定和樂，且喜好自己的工作。
2．滿城風雨：形容到處颳風下雨的景象。
3．招搖撞騙：形容借名炫耀，到處詐騙。"
106,比喻眼光短淺，只貪圖眼前的利益而不顧後患。,螳螂捕蟬,有備無患,斬草除根,夜郎自大,A,"2．有備無患：事先有準備，即可免除後患。
3．斬草除根：比喻除去禍根，不留後患。
4．夜郎自大：比喻人見識短淺，狂妄自大。"
107,形容言論或寫作時，避開關鍵，將重點輕輕帶過。,輕描淡寫,言之有物,開宗明義,旁敲側擊,A,"2．言之有物：指言論或文章有根據、有內容。
3．開宗明義：說話或寫文章一開始就揭明主旨綱要。
4．旁敲側擊：說話或寫文章不從正面直接說，而是用從旁比喻或暗示來表達。"
108,大街小巷中的談說議論。,紙上談兵,街談巷議,竊竊私語,高談闊論,B,"1．紙上談兵：比喻不切實際的議論。
3．竊竊私語：指私下低聲談論。
4．高談闊論：比喻暢快而無拘束地談論。"
109,比喻恭敬謹慎，不辭勞病地貢獻心力。,鞠躬盡瘁,小心翼翼,仁至義盡,惜墨如金,A,"2．小心翼翼：形容舉止十分謹慎，不敢疏忽。
3．仁至義盡：形容對他人盡最大的努力關懷照顧。
4．惜墨如金：比喻寫字、作畫態度謹慎，不輕易下筆。"
110,形容人與人之間的互相猜疑，玩弄欺騙手段。,爾虞我詐,翻雲覆雨,移花接木,自欺欺人,A,"2．翻雲覆雨：比喻反覆無常，或玩弄手段。
3．移花接木：比喻暗中使用手段，以假換真，欺騙他人。
4．自欺欺人：不但欺騙自己，也欺騙他人。"
111,形容說話辦事堅決果斷，毫不猶豫。,斬釘截鐵,三緘其口,語無倫次,優柔寡斷,A,"2．三緘其口：說話謹慎或不說話。
3．語無倫次：說話顛三倒四，毫無條理。
4．優柔寡斷：形容行事猶豫，不能當機立斷。"
112,形容尖酸、刻薄的嘲笑和諷刺。,井底之蛙,義正辭嚴,冷嘲熱諷,口誅筆伐,C,"1．井底之蛙：比喻見識淺薄的人。
2．義正辭嚴：義理正當，措詞嚴厲。
4．口誅筆伐：用言語和文字來揭發、譴責他人的罪狀。"
113,形容糊裡糊塗，生活茫無目的。,捉襟見肘,渾渾噩噩,養尊處優,無的放矢,B,"1．捉襟見肘：形容衣衫破敗，生活貧困。
3．養尊處優：自處尊貴，生活優裕。
4．無的放矢：比喻言語或行動沒有目的。"
114,形容非常讚賞。,應接不暇,簞食壺漿,孤芳自賞,拍案叫絕,D,"1．應接不暇：形容景物繁多，來不及觀賞。
2．簞食壺漿：指軍隊受到人民的擁護與愛戴，紛紛慰勞犒賞。
3．孤芳自賞：比喻自命清高，自我欣賞。"
115,形容做事不認真負責，只是表面應付。,一絲不苟,敷衍塞責,任勞任怨,兢兢業業,B,"1．一絲不苟：形容做事認真，一點也不馬虎。
3．任勞任怨：形容人做事熱心負責，不辭勞苦，不怕嫌怨。
4．兢兢業業：形容戒慎恐懼，認真負責的樣子。"
116,比喻情況愈來愈壞。,每下愈況,危如累卵,否極泰來,燃眉之急,A,"2．危如累卵：比喻情況非常危險。
3．否極泰來：情況由壞逐漸好轉。
4．燃眉之急：形容事態嚴重，情況危急。"
117,形容借名炫耀，到處詐騙。,招搖撞騙,招搖過市,滿城風雨,比比皆是,A,"2．招搖過市：指故意在人多的地方炫耀自己，以引人注意。
3．滿城風雨：形容到處颳風下雨的景象。
4．比比皆是：形容到處都是。"
118,比喻處於絕境，仍然奮力抵抗。,困獸猶鬥,坐以待斃,枯木逢春,相濡以沫,A,"2．坐以待斃：比喻面臨危難，不採取積極的應變措施，只坐等敗亡。
3．枯木逢春：比喻雖處於絕境卻重獲生機，或劣境忽然轉好。
4．相濡以沫：比喻人同處於困境，而互相以微力救助。"
119,人一生的是非功過，要到死後才能論定。,伯仲之間,滿腹經綸,蓋棺論定,超群絕倫,C,"1．伯仲之間：形容人才能相當，不相上下。
2．滿腹經綸：形容才識豐富，具有處理大事的才能。
4．超群絕倫：形容才能出眾。"
120,隱瞞姓名，不讓別人知道真實的身分。,隱姓埋名,名不副實,名副其實,諱莫如深,A,"2．名不副實：形容空有虛名，不合實際。
3．名副其實：名聲或名稱與實際相符合。
4．諱莫如深：比喻將事情隱瞞得非常嚴密，不為外人所知。"
121,故意使用手段，謀取名聲和讚譽。,聲名狼藉,沽名釣譽,上下其手,移花接木,B,"1．聲名狼藉：指肆意妄為，名聲惡劣。
3．上下其手：比喻玩弄手段，暗中作弊。
4．移花接木：比喻暗中使用手段，以假換真，欺騙他人。"
122,比喻因畏忌而極度不安。,手足無措,芒刺在背,心驚肉跳,聲淚俱下,B,"1．手足無措：形容人惶恐不安，不知如何是好。
3．心驚肉跳：形容恐懼不安，心神不寧。
4．聲淚俱下：形容極度悲慟、激動。"
123,比喻沒有真才實學的人，混在行家中充數。,擢髮難數,班門弄斧,名副其實,濫竽充數,D,"1．擢髮難數：形容罪狀極多，難以計數。
2．班門弄斧：比喻在行家面前賣弄本事，不自量力。
3．名副其實：名聲或名稱與實際相符合。"
124,比喻人拙劣的技能已經用完，再也無計可施了。,黔驢技窮,雕蟲小技,神通廣大,得心應手,A,"2．雕蟲小技：比喻微不足道的技能。
3．神通廣大：形容本領、手段高明巧妙。
4．得心應手：比喻技藝熟練，運用自如。"
125,比喻雖有欲望，卻沒有實際行動。,虛有其表,臨淵羨魚,天花亂墜,好大喜功,B,"1．虛有其表：形容空有華麗的外表，卻無實際的內涵。
3．天花亂墜：形容說話動聽，或浮誇不切實際。
4．好大喜功：指行事作風鋪張浮誇，不切實際。"
126,比喻刻苦自勵，發奮圖強。,毛遂自薦,臥薪嘗膽,如虎添翼,醉生夢死,B,"1．毛遂自薦：比喻自告奮勇，自我推薦。
3．如虎添翼：比喻強有力者又增添生力軍，使之更強。
4．醉生夢死：比喻人糊裡糊塗或頹廢消沉地活著。"
127,比喻以不好的事物接在好的後面，前後品質不相稱。,珠聯璧合,遇人不淑,狗尾續貂,美不勝收,C,"1．珠聯璧合：比喻人才或美好的事物相匹配或同時薈集。
2．遇人不淑：女子誤嫁了不好的丈夫。
4．美不勝收：形容美好的事物太多，無法盡收眼底。"
128,比喻掩飾過失而不願聽人規勸。,良藥苦口,欲蓋彌彰,充耳不聞,諱疾忌醫,D,"1．良藥苦口：比喻有益的勸告雖然不好聽，卻有助於改正過失。
2．欲蓋彌彰：形容想要掩飾過失，反而使過失更加顯明。
3．充耳不聞：形容拒絕或不願聽取別人意見。"
129,比喻十分掛念，放心不下。,鐵石心腸,一日三秋,半斤八兩,牽腸掛肚,D,"1．鐵石心腸：形容人剛強而不為感情所動的秉性。
2．一日三秋：比喻思念心切。
3．半斤八兩：比喻彼此相當，不相上下。"
130,比喻克服困難，掃除障礙。,動輒得咎,披荊斬棘,飲鴆止渴,排難解紛,B,"1．動輒得咎：形容人處境困難，極易受到責難。
3．飲鴆止渴：比喻只求解決眼前困難，而不顧將來更大的禍患。
4．排難解紛：指排除危難，解決紛爭。"
131,並排駕車，齊頭奔馳。,疲於奔命,並駕齊驅,病入膏肓,車載斗量,B,"1．疲於奔命：形容事情繁多，奔波勞累。
3．病入膏肓：指人病重，無藥可救。
4．車載斗量：形容數量很多，不可勝數。"
132,比喻捨棄舊事物，重新來過。,抱殘守缺,改過自新,另起爐灶,死灰復燃,C,"1．抱殘守缺：比喻固守舊有事物或思想，而不知改進變通。
2．改過自新：改正過失，重新作人。
4．死灰復燃：比喻失勢者重新得勢。"
133,指男女老幼全體出動的情況。,月下老人,危如累卵,扶老攜幼,風花雪月,C,"1．月下老人：指主管男女婚姻的神。
2．危如累卵：比喻情況非常危險。
4．風花雪月：比喻男女間歡愛之事。"
134,形容表面莊嚴體面、氣派高貴的樣子。,敷衍塞責,暗度陳倉,葉公好龍,冠冕堂皇,D,"1．敷衍塞責：形容做事不認真負責，只是表面應付。
2．暗度陳倉：比喻表面上採取某種做法，暗中卻進行另一項活動。
3．葉公好龍：比喻表面上愛好某事物，實際上並不真正喜愛。"
135,形容歌聲或音樂美妙感人，餘味不絕。,驚天動地,餘音繞梁,靡靡之音,川流不息,B,"1．驚天動地：形容聲音很大。
3．靡靡之音：指頹廢淫蕩、足以使人喪志的音樂。
4．川流不息：形容連綿不絕。"
136,比喻固守舊有事物或思想，而不知改進變通。,改弦更張,萬象更新,抱殘守缺,標新立異,C,"1．改弦更張：比喻改革變更，重新做起。
2．萬象更新：表示大自然界的事物或景象都改變得煥然一新。
4．標新立異：形容創立新奇的名目或主張，以表示與眾不同。"
137,稱只會吃喝，而不會辦事的無能之人。,酒池肉林,慷慨解囊,粗茶淡飯,酒囊飯袋,D,"1．酒池肉林：比喻生活極端奢侈縱欲，毫無節制。
2．慷慨解囊：指輕財仗義，毫不吝嗇地捐助錢財給人。
3．粗茶淡飯：指簡單清淡的飲食。"
138,指賓客聲勢強大，占了主人的位置，反客為主。,高朋滿座,倒屣相迎,喧賓奪主,賓至如歸,C,"1．高朋滿座：形容賓客眾多。
2．倒屣相迎：比喻熱情迎接賓客。
4．賓至如歸：形容主人招待周到親切，使客人感到滿意。"
139,遵守禮法，不踰越法度。,循規蹈矩,斯文掃地,禮尚往來,放浪形骸,A,"2．斯文掃地：指文人不顧操守，或文化禮教受到鄙棄。
3．禮尚往來：比喻別人以禮相待，也要以禮回報。
4．放浪形骸：形容縱情放任，不受世俗禮教約束。"
140,比喻生活極端奢侈縱欲，毫無節制。,揮金如土,節衣縮食,酒池肉林,仰人鼻息,C,"1．揮金如土：比喻極端浪費錢財。
2．節衣縮食：用來形容生活節儉。
4．仰人鼻息：比喻依靠他人生活。"
141,比喻依照所掌握的線索尋找或辦事。,蛛絲馬跡,越俎代庖,按圖索驥,按部就班,C,"1．蛛絲馬跡：比喻可供尋查推求的細微線索。
2．越俎代庖：比喻踰越職分代人辦事。
4．按部就班：比喻做事依照一定的層次、步驟進行。"
142,形容戰敗落荒而逃。,厲兵秣馬,自暴自棄,棄甲曳兵,兵連禍結,C,"1．厲兵秣馬：指完成作戰準備。
2．自暴自棄：指自甘墮落，不求上進。
4．兵連禍結：戰爭持續不斷，災禍接連而來。"
143,比喻模仿不成，反而失去自我。,屋下架屋,揠苗助長,邯鄲學步,守株待兔,C,"1．屋下架屋：比喻重複模仿，無所創新。
2．揠苗助長：比喻為用不當的手段以求速成，結果不但無益，反而有害。
4．守株待兔：比喻拘泥守成，不知變通。"
144,打仗時，揮舞旗幟，嘶喊以助聲威。,搖旗吶喊,作壁上觀,先聲奪人,偃旗息鼓,A,"2．作壁上觀：比喻坐觀成敗，不幫助任何一方。
3．先聲奪人：謂先張大聲威，以挫敗敵人士氣。
4．偃旗息鼓：比喻停止進攻或停止某種活動。"
145,形容因心事重重而翻來覆去睡不著覺。,不可救藥,妙手回春,輾轉反側,鞠躬盡瘁,C,"1．不可救藥：病重無藥可醫治。
2．妙手回春：比喻醫師的醫術高明，能治好重病。
4．鞠躬盡瘁：比喻恭敬謹慎，不辭勞病地貢獻心力。"
146,形容想要掩飾過失，反而使過失更加顯明。,欲速不達,改過自新,文過飾非,欲蓋彌彰,D,"1．欲速不達：想要求快，反而不能達到目的。
2．改過自新：改正過失，重新作人。
3．文過飾非：掩飾過失、錯誤。"
147,比喻物歸原主。,珠聯璧合,買櫝還珠,完璧歸趙,魂不附體,C,"1．珠聯璧合：比喻人才或美好的事物相匹配或同時薈集。
2．買櫝還珠：比喻捨本逐末，取捨失當。
4．魂不附體：形容驚嚇過度而心不能自主。"
148,形容在字句上推敲琢磨。,不求甚解,咬文嚼字,文不加點,文不對題,B,"1．不求甚解：讀書著重理解義理，而不過度鑽研字句上的解釋。
3．文不加點：形容文思敏捷、下筆成章，通篇無所塗改。
4．文不對題：文章內容和題目不相符合。"
149,比喻微不足道的技能。,滄海一粟,雕蟲小技,黔驢技窮,羽毛未豐,B,"1．滄海一粟：比喻渺小而微不足道。
3．黔驢技窮：比喻人拙劣的技能已經用完，再也無計可施了。
4．羽毛未豐：比喻勢力或能力不夠雄厚，還不足以獨當一面。"
150,比喻世俗情態反覆無常。,白雲蒼狗,朝三暮四,世態炎涼,南柯一夢,C,"1．白雲蒼狗：比喻世事變幻無常。
2．朝三暮四：比喻心意不定、反覆無常。
4．南柯一夢：比喻人生如夢，富貴得失無常。"
151,痛恨腐敗的社會現狀及庸俗的世態。,移風易俗,極樂世界,痛心疾首,憤世嫉俗,D,"1．移風易俗：改善不良的社會風氣和習俗。
2．極樂世界：比喻非常快樂，無憂無慮的生活環境。或用來指死者往生的地方。
3．痛心疾首：指痛恨到極點。"
152,引用經書典籍等做為說話、作文的依據。,隔靴搔癢,引經據典,食言而肥,噤若寒蟬,B,"1．隔靴搔癢：比喻說話、做事未能觸及要害，如隔著鞋子抓癢，難以奏效。
3．食言而肥：比喻經常說話都不守信用。
4．噤若寒蟬：比喻不敢說話。"
153,形容孤單貧苦，無依無助。,安步當車,孤苦伶仃,孤掌難鳴,一貧如洗,B,"1．安步當車：比喻安貧樂賤。
3．孤掌難鳴：比喻人孤立無助，不能成事。
4．一貧如洗：形容非常貧窮，一無所有。"
154,比喻盲目胡亂地模仿他人，結果卻適得其反。,掩耳盜鈴,水到渠成,殊途同歸,東施效顰,D,"1．掩耳盜鈴：比喻妄想瞞騙他人，結果卻只是欺騙自己而已。
2．水到渠成：比喻事情自然發展，結果自成。
3．殊途同歸：比喻採取的方法雖不同，所得的結果卻相同。"
155,形容神采飛揚，氣度不凡。,氣宇軒昂,鶴立雞群,自命不凡,芒刺在背,A,"2．鶴立雞群：比喻人的儀表才能超群脫凡。
3．自命不凡：形容自以為聰明、不平凡。
4．芒刺在背：比喻因畏忌而極度不安。"
156,形容語言或文章表達得十分充分、透澈。,洞若觀火,言之有物,淋漓盡致,行雲流水,C,"1．洞若觀火：比喻觀察事物非常透澈。
2．言之有物：指言論或文章有根據、有內容。
4．行雲流水：形容待人處事或文章字畫飄逸自然，無拘無束。"
157,形容前進後退都無路可走的處境。,進退維谷,腹背受敵,窮途末路,生靈塗炭,A,"2．腹背受敵：前、後都受到敵人的攻擊。
3．窮途末路：形容無路可走，處於十分窮困的境況。
4．生靈塗炭：形容人民處於極端艱苦的困境。"
158,原指化妝登臺演戲，後指在某種場合出面活動、扮演角色。,登峰造極,偃旗息鼓,粉墨登場,大庭廣眾,C,"1．登峰造極：登上山峰，到達絕頂。
2．偃旗息鼓：比喻停止進攻或停止某種活動。
4．大庭廣眾：公開而人多的場合。"
159,形容作品風行一時，流傳甚廣。,風馳電掣,洛陽紙貴,好大喜功,近悅遠來,B,"1．風馳電掣：形容行進的速度像疾風閃電般迅速。
3．好大喜功：指行事作風鋪張浮誇，不切實際。
4．近悅遠來：形容政治清明，德澤風行。"
160,形容事情、名聲傳播極廣。,聲名狼藉,沽名釣譽,名副其實,家喻戶曉,D,"1．聲名狼藉：指肆意妄為，名聲惡劣。
2．沽名釣譽：故意使用手段，謀取名聲和讚譽。
3．名副其實：名聲或名稱與實際相符合。"
161,形容老毛病又犯了。,以毒攻毒,不可救藥,故態復萌,安然無恙,C,"1．以毒攻毒：用有毒的藥物來治療毒瘡等疾病。
2．不可救藥：病重無藥可醫治。
4．安然無恙：平安沒有疾病、禍患等事故。"
162,指竭盡精力與思慮。,返老還童,殫精竭慮,養精蓄銳,血氣方剛,B,"1．返老還童：形容年紀雖大，卻像年輕人一樣精力充沛。
3．養精蓄銳：保養精神，積蓄力量。
4．血氣方剛：泛指年輕人精力正當旺盛，易於衝動。"
163,說話或寫文章不從正面直接說，而是用從旁比喻或暗示來表達。,開宗明義,輕描淡寫,旁敲側擊,言之有物,C,"1．開宗明義：說話或寫文章一開始就揭明主旨綱要。
2．輕描淡寫：形容言論或寫作時，避開關鍵，將重點輕輕帶過。
4．言之有物：指言論或文章有根據、有內容。"
164,比喻以此代彼或代人受過。,回頭是岸,越俎代庖,一丘之貉,李代桃僵,D,"1．回頭是岸：比喻悔過自新或促人向善。
2．越俎代庖：比喻踰越職分代人辦事。
3．一丘之貉：比喻彼此同樣低劣，並無差異。"
165,比喻澈底改變。,改頭換面,木已成舟,脫胎換骨,正本清源,C,"1．改頭換面：比喻只改變外表或形式，實質並未改變。
2．木已成舟：比喻已成事實，無法改變。
4．正本清源：比喻澈底改革以解決問題。"
166,比喻辯論激烈，言辭犀利。,七嘴八舌,脣槍舌劍,言過其實,言簡意賅,B,"1．七嘴八舌：形容人多口雜，議論紛亂。
3．言過其實：指言辭虛妄誇大，與事實不相符。
4．言簡意賅：言辭簡單而意思完備。"
167,人的思想、性格或習慣受到影響，不知不覺中起了變化。,千變萬化,平地風波,潛移默化,夜長夢多,C,"1．千變萬化：形容變化無窮。
2．平地風波：比喻突然發生事故或變化。
4．夜長夢多：比喻時間拖久了，易發生不利的變化。"
168,形容房屋規模高大、裝飾華美。,車水馬龍,慘綠少年,鳥語花香,美輪美奐,D,"1．車水馬龍：形容繁華熱鬧的景象。
2．慘綠少年：指服飾華美、風度翩翩的青年男子。
3．鳥語花香：形容景色美好。"
169,形容人才能相當，不相上下。,楚材晉用,伯仲之間,方枘圓鑿,超群絕倫,B,"1．楚材晉用：比喻人才外流。
3．方枘圓鑿：比喻不能相容。
4．超群絕倫：形容才能出眾。"
170,比喻首創惡例的人。,吳下阿蒙,玩火自焚,始作俑者,正人君子,C,"1．吳下阿蒙：比喻學識淺陋的人。
2．玩火自焚：比喻盲動、蠻幹的人最後將自食惡果。
4．正人君子：品行端正的人。"
171,指貪汙受賄，敗亂法紀。,作法自斃,貪小失大,逍遙法外,貪贓枉法,D,"1．作法自斃：比喻自作自受。
2．貪小失大：因貪圖小利而造成重大損失。
3．逍遙法外：犯罪者逃避了應受的法律制裁，仍自由自在。"
172,比喻做事依照一定的層次、步驟進行。,我行我素,按部就班,因陋就簡,按圖索驥,B,"1．我行我素：形容人不受外界影響，仍然依照自己的心意行事。
3．因陋就簡：比喻做事馬虎，不力求完善美備。
4．按圖索驥：比喻依照所掌握的線索尋找或辦事。"
173,比喻雙方地位、聲勢相當，可以平等對立。,分庭抗禮,東山再起,一呼百諾,門當戶對,A,"2．東山再起：比喻失勢或退隱之後，重新恢復地位、勢力。
3．一呼百諾：形容權勢顯赫，隨從眾多。
4．門當戶對：形容結親的雙方家庭經濟和社會地位相當。"
174,向左右兩邊張望。,高瞻遠矚,左顧右盼,目不轉睛,顧此失彼,B,"1．高瞻遠矚：形容見識遠大。
3．目不轉睛：形容凝神注視，注意力高度集中。
4．顧此失彼：指做事時不能全面兼顧。"
175,防範弊病要從小地方著手，並制止弊端逐漸擴大。,積重難返,防微杜漸,臨渴掘井,推波助瀾,B,"1．積重難返：長期累積成的不良習慣與弊病，難以改正。
3．臨渴掘井：比喻事到臨頭才著手準備，為時已晚，無濟於事。
4．推波助瀾：比喻從旁鼓動，使事態擴大。"
176,比喻至死不忘感恩圖報。,忘恩負義,寸草春暉,結草銜環,以德報怨,C,"1．忘恩負義：受人恩惠不知報答，反而做出對不起恩人的事情。
2．寸草春暉：比喻父母恩情深重，子女難以報答。
4．以德報怨：表示不記仇恨，反以恩德回報他人。"
177,指胸中充滿因正義而激起的憤怒。,氣急敗壞,義憤填膺,面紅耳赤,捨生取義,B,"1．氣急敗壞：形容惱怒的樣子。
3．面紅耳赤：形容人因緊張、焦急、害羞等而滿臉發紅的樣子。
4．捨生取義：指為正義真理而不惜犧牲生命。"
178,仇人或不願見到的人，偏在狹小的路上相遇，無法躲避。,親痛仇快,彈丸之地,如魚得水,冤家路窄,D,"1．親痛仇快：一個人因行為失當，而使親人痛心，仇人稱快。
2．彈丸之地：比喻狹小的地方。
3．如魚得水：比喻得到與自己志同道合的人或適合於自己發展的環境。"
179,形容態度蠻橫放縱，不受約束。,放浪形骸,改弦易轍,天馬行空,飛揚跋扈,D,"1．放浪形骸：形容縱情放任，不受世俗禮教約束。
2．改弦易轍：比喻改變制度、做法或態度。
3．天馬行空：比喻文才氣勢豪放，不受拘束。"
180,指服飾華美、風度翩翩的青年男子。,美輪美奐,雞皮鶴髮,風馳電掣,慘綠少年,D,"1．美輪美奐：形容房屋規模高大、裝飾華美。
2．雞皮鶴髮：形容老人的形貌。
3．風馳電掣：形容行進的速度像疾風閃電般迅速。"
181,比喻他人所贈之物或貴客之來訪令人倍感光彩。,蓬蓽生輝,賓至如歸,蓬頭垢面,門庭若市,A,"2．賓至如歸：形容主人招待周到親切，使客人感到滿意。
3．蓬頭垢面：形容人頭髮散亂、面容骯髒的樣子。
4．門庭若市：比喻上門來的人很多。"
182,形容女子有明亮的眼睛、潔白的牙齒，容貌美麗。,秀外慧中,引人入勝,明眸皓齒,人面桃花,C,"1．秀外慧中：形容一個人容貌秀美，內心聰慧。
2．引人入勝：引領人進入美麗玄妙的境地。
4．人面桃花：女子容貌美麗，可與桃花爭豔。"
183,形容繁縟的儀式禮節。,禮尚往來,繁文縟節,五體投地,斯文掃地,B,"1．禮尚往來：比喻別人以禮相待，也要以禮回報。
3．五體投地：致敬儀式，指雙膝雙肘及頭五處著地，佛教徒沿用以禮敬三寶。
4．斯文掃地：指文人不顧操守，或文化禮教受到鄙棄。"
184,指輕財仗義，毫不吝嗇地捐助錢財給人。,慷慨解囊,阮囊羞澀,一毛不拔,揮金如土,A,"2．阮囊羞澀：形容錢財窘乏，經濟困難。
3．一毛不拔：形容人非常吝嗇。
4．揮金如土：比喻極端浪費錢財。"
185,保養精神，積蓄力量。,神魂顛倒,心曠神怡,聚精會神,養精蓄銳,D,"1．神魂顛倒：比喻精神恍惚，心意迷亂。
2．心曠神怡：心情開朗，精神愉悅。
3．聚精會神：形容專心致志，精神集中。"
186,比喻表面上採取某種做法，暗中卻進行另一項活動。,偃旗息鼓,暗度陳倉,葉公好龍,陽奉陰違,B,"1．偃旗息鼓：比喻停止進攻或停止某種活動。
3．葉公好龍：比喻表面上愛好某事物，實際上並不真正喜愛。
4．陽奉陰違：表面上裝著遵守奉行，暗地裡卻違反不照辦。"
187,比喻竭力思索。,搜索枯腸,苦口婆心,發人深省,不假思索,A,"2．苦口婆心：形容以懇切真摯的態度，竭力勸告他人。
3．發人深省：啟發人深刻思考而有所醒悟。
4．不假思索：指不經過思考探求，立即做出反應。"
188,形容受利慾迷惑，使得理智昏亂。,巧取豪奪,利令智昏,花天酒地,細水長流,B,"1．巧取豪奪：形容不擇手段的取得權利、財物。
3．花天酒地：形容沉迷酒色，荒誕腐化的生活。
4．細水長流：比喻節約使用財物，使之能長久使用。"
189,形容人說話語音不純，夾雜著南北方音。,口是心非,聲色俱厲,南腔北調,三緘其口,C,"1．口是心非：指心裡想的和嘴上說的不一致。
2．聲色俱厲：說話時的聲音和臉色都很嚴厲。
4．三緘其口：說話謹慎或不說話。"
190,擊殺凶惡的人不以殺人論罪。,大逆不道,死有餘辜,格殺勿論,殺人如麻,C,"1．大逆不道：指違反倫常，罪惡深重。
2．死有餘辜：形容罪惡深重，死都不足以抵罪。
4．殺人如麻：形容殺人極多。"
191,比喻事到臨頭才著手準備，為時已晚，無濟於事。,有備無患,厲兵秣馬,杯水車薪,臨渴掘井,D,"1．有備無患：事先有準備，即可免除後患。
2．厲兵秣馬：指完成作戰準備。
3．杯水車薪：比喻力量太小，無濟於事。"
192,形容女子遲步緩來的樣子。,姍姍來遲,紛至沓來,如花似玉,來日方長,A,"2．紛至沓來：形容事物紛紛不斷地到來。
3．如花似玉：比喻女子美麗動人。
4．來日方長：將來的日子還很長，指事情未來還有發展或變化。"
193,怡然自得地感到心滿意足。,躊躇滿志,喜出望外,賓至如歸,無病呻吟,A,"2．喜出望外：因意想不到的事感到欣喜。
3．賓至如歸：形容主人招待周到親切，使客人感到滿意。
4．無病呻吟：比喻人故作憂戚狀或妄發牢騷。"
194,歌頌功績和恩德。,忘恩負義,歌功頌德,以德報怨,白頭偕老,B,"1．忘恩負義：受人恩惠不知報答，反而做出對不起恩人的事情。
3．以德報怨：表示不記仇恨，反以恩德回報他人。
4．白頭偕老：形容夫妻恩愛到老。"
195,形容事情錯綜複雜，難以辨明真相。,撲朔迷離,盲人摸象,五光十色,圖窮匕見,A,"2．盲人摸象：比喻以偏概全，未能洞明真相。
3．五光十色：形容景色鮮麗複雜，光彩奪目。
4．圖窮匕見：比喻事情發展到最後，形跡敗露，現出真相。"
196,形容行進的速度像疾風閃電般迅速。,風馳電掣,前倨後恭,倚馬可待,日月如梭,A,"2．前倨後恭：比喻待人勢利，態度轉變迅速。
3．倚馬可待：比喻文思敏捷，寫作迅速。
4．日月如梭：形容時光消逝迅速。"
197,形容人世故老練、極為奸詐狡猾。,老奸巨猾,忠心耿耿,姑息養奸,老氣橫秋,A,"2．忠心耿耿：形容極為忠誠。
3．姑息養奸：指過分縱容，助長壞人壞事。
4．老氣橫秋：形容人老練而自負的神態。"
198,比喻人受名利的羈絆而不得自由。,損人利己,重見天日,名韁利鎖,沾沾自喜,C,"1．損人利己：使別人蒙受損失而讓自己得到利益。
2．重見天日：被拘禁的人重新見到光明，獲得自由。
4．沾沾自喜：形容自得自滿的樣子。"
199,比喻人才外流。,才高八斗,楚材晉用,滄海遺珠,伯仲之間,B,"1．才高八斗：比喻人才學極高。
3．滄海遺珠：比喻被埋沒的人才或珍貴事物。
4．伯仲之間：形容人才能相當，不相上下。"
200,故意做作，不是出於自然的表現。,一鳴驚人,裝模作樣,模稜兩可,躊躇滿志,B,"1．一鳴驚人：比喻平時默默無聞，而後卻突然有驚人的表現。
3．模稜兩可：比喻處理事情的態度含混，不表示明確的意見或主張。
4．躊躇滿志：怡然自得地感到心滿意足。"
201,犯罪者逃避了應受的法律制裁，仍自由自在。,以身試法,大義滅親,金科玉律,逍遙法外,D,"1．以身試法：無視於法律的制裁而故意犯法。
2．大義滅親：比喻為了維護公理正義，不徇私情，滅了犯罪的親人，或讓他們接受法律制裁。
3．金科玉律：形容完善嚴密的法律條文或比喻不可變更的信條。"
202,形容行事猶豫，不能當機立斷。,寄人籬下,孤掌難鳴,斬釘截鐵,優柔寡斷,D,"1．寄人籬下：比喻依附他人生活，不能自立。
2．孤掌難鳴：比喻人孤立無助，不能成事。
3．斬釘截鐵：形容說話辦事堅決果斷，毫不猶豫。"
203,比喻間接地詆毀、陷害別人。,落井下石,口蜜腹劍,作威作福,含沙射影,D,"1．落井下石：比喻乘人危難時，加以陷害。
2．口蜜腹劍：比喻一個人嘴上說得好聽，事實上卻內心險惡，處處想陷害別人。
3．作威作福：仗著權勢欺壓別人。"
204,比喻從根本上解決問題。,對症下藥,迎刃而解,束手無策,釜底抽薪,D,"1．對症下藥：比喻針對問題的癥結，採取有效的解決方法。
2．迎刃而解：比喻主要問題解決後，其他相關問題也就容易解決。
3．束手無策：比喻面對問題時，毫無解決的辦法。"
205,比喻可供尋查推求的細微線索。,微乎其微,千軍萬馬,蛛絲馬跡,立錐之地,C,"1．微乎其微：形容事物非常微小。
2．千軍萬馬：形容兵馬眾多，聲勢浩大。
4．立錐之地：比喻極微小的地方。"
206,比喻到了危險的邊緣而及時回頭。,岌岌可危,一觸即發,明哲保身,懸崖勒馬,D,"1．岌岌可危：形容非常危險。
2．一觸即發：比喻很緊張的情勢或很危險的時刻。
3．明哲保身：明達事理、洞見時勢的人，不參與會帶給自己危險的事。"
207,比喻財富極多。,殺人如麻,腰纏萬貫,汗牛充棟,罄竹難書,B,"1．殺人如麻：形容殺人極多。
3．汗牛充棟：形容書籍極多。
4．罄竹難書：形容罪狀極多。"
208,比喻東西雖不好，卻因為是自己所擁有，故非常珍視。,山木自寇,師心自用,敝帚自珍,苗而不秀,C,"1．山木自寇：比喻人因擁有才能而招致禍患。
2．師心自用：形容人固執己見，自以為是。
4．苗而不秀：比喻人的資質雖好，卻始終沒有成就。"
209,登上山峰，到達絕頂。,開門見山,呼風喚雨,以貌取人,登峰造極,D,"1．開門見山：一開門就見到山巒。
2．呼風喚雨：指人有召喚風雨的法力。
3．以貌取人：以容貌儀表作為評斷或選取人才的標準。"
210,用有毒的藥物來治療毒瘡等疾病。,妙手回春,以毒攻毒,不可救藥,安然無恙,B,"1．妙手回春：比喻醫師的醫術高明，能治好重病。
3．不可救藥：病重無藥可醫治。
4．安然無恙：平安沒有疾病、禍患等事故。"
211,比喻以其人之法，還治其人之身。,借刀殺人,引狼入室,安分守己,請君入甕,D,"1．借刀殺人：比喻假他人之手去害人。
2．引狼入室：比喻自招其禍。
3．安分守己：安於本分，謹守其身。"
212,比喻不念舊情，忘恩負義。,一日三秋,過河拆橋,人去樓空,結草銜環,B,"1．一日三秋：比喻思念心切。
3．人去樓空：表示舊地重遊時人事已非，或對故人的思念。
4．結草銜環：比喻至死不忘感恩圖報。"
213,比喻根基堅固，不可動搖。,根深蒂固,鵬程萬里,車載斗量,安如泰山,A,"2．鵬程萬里：比喻前程遠大，不可限量。
3．車載斗量：形容數量很多，不可勝數。
4．安如泰山：形容安定穩固如泰山一般，不可動搖。"
214,不分輕重，一律同等看待。,另眼相看,迫不及待,本末倒置,等量齊觀,D,"1．另眼相看：以特別的眼光或態度相待，以示重視或歧視。
2．迫不及待：形容心情急切，不願等待。
3．本末倒置：比喻不知事情的輕重緩急。"
215,形容人舉止文雅，態度端莊。,不苟言笑,平心靜氣,文質彬彬,前倨後恭,C,"1．不苟言笑：不隨便談笑，態度嚴肅。
2．平心靜氣：形容心情平和，態度冷靜。
4．前倨後恭：比喻待人勢利，態度轉變迅速。"
216,加強防守，並搬走野外的居民、糧食等，使入侵敵軍無法取得補給。,投鞭斷流,縱虎歸山,堅壁清野,如虎添翼,C,"1．投鞭斷流：比喻軍旅眾多，兵力強大。
2．縱虎歸山：比喻放走敵人，後患無窮。
4．如虎添翼：比喻強有力者又增添生力軍，使之更強。"
217,形容事情繁多，奔波勞累。,應接不暇,疲於奔命,疊床架屋,五花八門,B,"1．應接不暇：形容景物繁多，來不及觀賞。
3．疊床架屋：比喻重複累贅。
4．五花八門：比喻花樣繁多，變化多端。"
218,形容女子極為美麗動人。,氣象萬千,傾國傾城,人面桃花,引人入勝,B,"1．氣象萬千：形容景象千變萬化，極為壯觀。
3．人面桃花：女子容貌美麗，可與桃花爭豔。
4．引人入勝：引領人進入美麗玄妙的境地。"
219,比喻有多處藏身的地方或多種避禍的準備。,狡兔三窟,走投無路,厲兵秣馬,彈丸之地,A,"2．走投無路：形容處境窘困。
3．厲兵秣馬：指完成作戰準備。
4．彈丸之地：比喻狹小的地方。"
220,比喻很有把握。,孤注一擲,一舉兩得,一言九鼎,十拿九穩,D,"1．孤注一擲：比喻危急時，投入全部力量，作最後的冒險。
2．一舉兩得：比喻做一件事，同時有兩方面的收穫。
3．一言九鼎：形容說話很有分量。"
221,比喻險惡的環境。,隨遇而安,如魚得水,疾風勁草,驚濤駭浪,D,"1．隨遇而安：能安於所處的環境。
2．如魚得水：比喻得到與自己志同道合的人或適合於自己發展的環境。
3．疾風勁草：比喻在艱難困苦的環境下，才能考驗出人的堅強意志和節操。"
222,比喻先提出自己粗淺的意見，以引出別人的高見。常用作自謙之詞。,隨聲附和,拋磚引玉,從善如流,虛懷若谷,B,"1．隨聲附和：自己沒有主見，只迎合他人的意見。
3．從善如流：比喻樂於接受別人好的意見。
4．虛懷若谷：形容為人謙虛，能接納他人的意見。"
223,依仗本身有才幹而驕傲自大，目空一切。,恃才傲物,趾高氣揚,不學無術,懷才不遇,A,"2．趾高氣揚：形容驕傲自滿、得意忘形的樣子。
3．不學無術：人未經學習而沒有學問才幹。
4．懷才不遇：懷有才能卻際遇不佳，不受重用。"
224,萬物無聲，一片寂靜。,聲色俱厲,人聲鼎沸,響遏行雲,萬籟俱寂,D,"1．聲色俱厲：說話時的聲音和臉色都很嚴厲。
2．人聲鼎沸：形容人群會聚喧譁。
3．響遏行雲：形容歌聲響亮高妙。"
225,比喻生活簡單、清苦。,簞食瓢飲,仰人鼻息,民不聊生,錦衣玉食,A,"2．仰人鼻息：比喻依靠他人生活。
3．民不聊生：形容百姓生活非常困苦。
4．錦衣玉食：形容豪華奢侈的生活。"
226,表示慶賀、高興。,額手稱慶,大喜過望,弄璋之喜,得意忘形,A,"2．大喜過望：因結果超過原本預期而感到特別高興。
3．弄璋之喜：恭喜人生男孩的賀詞。
4．得意忘形：形容人高興過頭，舉止失去常態。"
227,形容衣衫破敗，生活貧困。,捉襟見肘,養尊處優,渾渾噩噩,牛衣對泣,A,"2．養尊處優：自處尊貴，生活優裕。
3．渾渾噩噩：形容糊裡糊塗，生活茫無目的。
4．牛衣對泣：比喻夫妻共度貧困的生活。"
228,比喻協助壞人做壞事。,助紂為虐,開門揖盜,姑息養奸,明目張膽,A,"2．開門揖盜：比喻引進壞人，自招禍患。
3．姑息養奸：指過分縱容，助長壞人壞事。
4．明目張膽：比喻肆無忌憚地公然做壞事。"
229,比喻積少成多。,罄竹難書,集腋成裘,高朋滿座,殺人如麻,B,"1．罄竹難書：形容罪狀極多。
3．高朋滿座：形容賓客眾多。
4．殺人如麻：形容殺人極多。"
230,形容以含混牽強的言語，搪塞應付他人。,花言巧語,譁眾取寵,支吾其詞,三言兩語,C,"1．花言巧語：形容虛假而動聽的言語。
2．譁眾取寵：用迎合眾人喜好的言語行動，博取他人對自己的喜愛。
4．三言兩語：形容言語簡短。"
231,形容得意張揚的樣子。,虛張聲勢,垂頭喪氣,不動聲色,耀武揚威,D,"1．虛張聲勢：故意誇大聲威，張揚氣勢，用以嚇阻他人。
2．垂頭喪氣：形容失意沮喪的樣子。
3．不動聲色：形容人遇事不張揚的冷靜態度。"
232,形容書籍極多。,殺人如麻,罄竹難書,汗牛充棟,腰纏萬貫,C,"1．殺人如麻：形容殺人極多。
2．罄竹難書：形容罪狀極多。
4．腰纏萬貫：比喻財富極多。"
233,比喻順從而無所違逆。,唯唯諾諾,有恃無恐,唾面自乾,理直氣壯,A,"2．有恃無恐：形容有依靠而無所顧忌。
3．唾面自乾：比喻逆來順受，寬容忍讓。
4．理直氣壯：理由正大、充分，則氣勢壯盛而無所畏懼。"
234,形容布列繁密。,守口如瓶,寥若晨星,星羅棋布,疲於奔命,C,"1．守口如瓶：比喻嚴守祕密。
2．寥若晨星：形容數量稀少。
4．疲於奔命：形容事情繁多，奔波勞累。"
235,背著荊條，前往對方居所自請責罰。,反脣相稽,負重致遠,入室操戈,負荊請罪,D,"1．反脣相稽：受到指責不服氣，反過來對對方加以計較、譏斥。
2．負重致遠：比喻能夠長期擔負重責大任。
3．入室操戈：比喻引用對方的論點或材料，反過來駁斥對方。"
236,形容行事不光明，偷偷摸摸的樣子。,鬼鬼祟祟,重見天日,打草驚蛇,三思而行,A,"2．重見天日：被拘禁的人重新見到光明，獲得自由。
3．打草驚蛇：比喻行事不密，反而使對方有所警覺和防備。
4．三思而行：比喻謹慎行事。"
237,比喻趁人之危，從中取利。,趁火打劫,假公濟私,投機取巧,奇貨可居,A,"2．假公濟私：假借公家的名義以謀取個人的私利。
3．投機取巧：利用時機，獲取利益。
4．奇貨可居：比喻利用某種專長或有價值的東西以謀利。"
238,比喻前程遠大，不可限量。,乘風破浪,車載斗量,雷霆萬鈞,鵬程萬里,D,"1．乘風破浪：比喻志向遠大，勇往直前，不畏艱難。
2．車載斗量：形容數量很多，不可勝數。
3．雷霆萬鈞：比喻威力強大，勢不可擋。"
239,燒焦頭，灼爛額。形容救火時為火燒灼得很嚴重。,焦頭爛額,火樹銀花,白駒過隙,變本加厲,A,"2．火樹銀花：形容燈火通明燦爛的景象。
3．白駒過隙：比喻時間過得很快。
4．變本加厲：事情改變原有的狀況而顯得更加嚴重。"
240,形容人少見多怪。,寡不敵眾,夜郎自大,蜀犬吠日,高瞻遠矚,C,"1．寡不敵眾：指人少的抵擋不過人多勢眾的。
2．夜郎自大：比喻人見識短淺，狂妄自大。
4．高瞻遠矚：形容見識遠大。"
241,指為非作歹，違法亂紀。,蠢蠢欲動,作法自斃,作姦犯科,以身作則,C,"1．蠢蠢欲動：比喻人意圖為害作亂。
2．作法自斃：比喻自作自受。
4．以身作則：以自身行為作為他人的榜樣。"
242,比喻利用假象藉以脫身。,掩人耳目,金蟬脫殼,子虛烏有,移花接木,B,"1．掩人耳目：比喻用假象欺騙、蒙蔽他人。
3．子虛烏有：比喻為假設而非實有的事物。
4．移花接木：比喻暗中使用手段，以假換真，欺騙他人。"
243,比喻沒有完全斷絕關係。,脣亡齒寒,不即不離,寸步不離,藕斷絲連,D,"1．脣亡齒寒：比喻關係密切，利害相關。
2．不即不離：指人、事、物之間既不太近，但也不太遠的關係。
3．寸步不離：比喻關係密切，總是在一起。"
244,譏諷人年紀輕，沒有經驗與能力。,群策群力,乳臭未乾,未卜先知,少年老成,B,"1．群策群力：聚合眾人的智慧和能力。
3．未卜先知：形容有預知未來的能力。
4．少年老成：年紀雖輕，舉止卻成熟穩重。"
245,一個人因行為失當，而使親人痛心，仇人稱快。,暢所欲言,親痛仇快,心花怒放,快馬加鞭,B,"1．暢所欲言：痛痛快快、毫無顧忌地把想說的話全部講出來。
3．心花怒放：形容心情極其快活。
4．快馬加鞭：形容快上加快。"
246,比喻往事所遺留的痕跡。,哀鴻遍野,天衣無縫,不翼而飛,雪泥鴻爪,D,"1．哀鴻遍野：比喻到處都是流離失所的難民。
2．天衣無縫：比喻詩文渾然天成，沒有斧鑿痕跡。
3．不翼而飛：比喻物品無故遺失。"
247,比喻人忘本。,數典忘祖,樂而忘返,刻骨銘心,三頭六臂,A,"2．樂而忘返：指快樂得忘了回去。
3．刻骨銘心：形容感受深刻，難以忘懷。
4．三頭六臂：比喻人本領大，力強可畏。"
248,形容善於循序漸進地誘導別人。,好為人師,升堂入室,長袖善舞,循循善誘,D,"1．好為人師：指人自以為是，喜歡教導別人。
2．升堂入室：比喻學問或技藝循序漸進，而達到高深的境界。
3．長袖善舞：比喻手腕極佳，善於社交。"
249,比喻人心反覆無常。,南柯一夢,朝秦暮楚,心猿意馬,白雲蒼狗,B,"1．南柯一夢：比喻人生如夢，富貴得失無常。
3．心猿意馬：心意反覆不定。
4．白雲蒼狗：比喻世事變幻無常。"
250,比喻事理繁雜多變，求道者誤入迷途，而終無所成。,歧路亡羊,屋下架屋,鑄成大錯,一竅不通,A,"2．屋下架屋：比喻重複模仿，無所創新。
3．鑄成大錯：比喻造成重大的錯誤。
4．一竅不通：比喻人昏昧不明事理。"
251,形容數量很多，不可勝數。,屈指可數,車載斗量,擢髮難數,不勝枚舉,B,"1．屈指可數：形容數量很少。
3．擢髮難數：形容罪狀極多，難以計數。
4．不勝枚舉：事物太多，不能一一舉出。"
252,比喻境況逐漸進展至美好的境界或興味漸濃。,漸入佳境,十全十美,津津有味,升堂入室,A,"2．十全十美：比喻圓滿美好毫無缺陷的境界。
3．津津有味：形容興味濃厚的樣子。
4．升堂入室：比喻學問或技藝循序漸進，而達到高深的境界。"
253,比喻奮不顧身，不避艱險。,赴湯蹈火,千鈞一髮,水深火熱,夙夜匪懈,A,"2．千鈞一髮：比喻非常危險。
3．水深火熱：比喻處境非常艱困、痛苦。
4．夙夜匪懈：形容日夜勤奮不懈怠。"
254,比喻不顧實際情況，勉強遷就既有的規格或成例。,文過飾非,因地制宜,削足適履,似是而非,C,"1．文過飾非：掩飾過失、錯誤。
2．因地制宜：根據不同環境的實際情況制定相應的妥善辦法。
4．似是而非：表面上好像正確，實際上卻是錯誤的。"
255,用迎合眾人喜好的言語行動，博取他人對自己的喜愛。,膾炙人口,花言巧語,疾言厲色,譁眾取寵,D,"1．膾炙人口：比喻詩文或事物受到眾人的喜愛與傳頌。
2．花言巧語：形容虛假而動聽的言語。
3．疾言厲色：言語急迫，神色嚴厲。形容人發怒的樣子。"
256,形容數量稀少。,門可羅雀,寥若晨星,九牛一毛,車載斗量,B,"1．門可羅雀：形容來客稀少、門庭冷落。
3．九牛一毛：比喻極大數量中的一小部分。
4．車載斗量：形容數量很多，不可勝數。"
257,比喻勢力或能力不夠雄厚，還不足以獨當一面。,雕蟲小技,羽毛未豐,未卜先知,望而卻步,B,"1．雕蟲小技：比喻微不足道的技能。
3．未卜先知：形容有預知未來的能力。
4．望而卻步：危險或能力不及的事，令人見了就退卻不前。"
258,比喻事物潰敗分裂。,所向披靡,大惑不解,冰消瓦解,明日黃花,C,"1．所向披靡：比喻力量所到之處，敵人紛紛潰敗逃散。
2．大惑不解：指對事物感到非常疑惑，無法了解。
4．明日黃花：比喻過時的事物。"
259,比喻新舊事物交替，舊的逐漸消失，新的逐漸產生。,一成不變,日新月異,曇花一現,新陳代謝,D,"1．一成不變：事情既定之後，從不改變。
2．日新月異：形容發展或進步快速，不斷出現新事物或新現象。
3．曇花一現：人或事物一出現便迅速消失。"
260,形容終日勤勞。,夙興夜寐,愚公移山,摩頂放踵,克勤克儉,A,"2．愚公移山：比喻努力不懈，終能達成目標。
3．摩頂放踵：比喻捨己救世，不辭勞苦。
4．克勤克儉：既能勤勞做事，又能節省用度。"
261,比喻完全喪失或澈底失敗。,以卵投石,出奇制勝,功敗垂成,全軍覆沒,D,"1．以卵投石：比喻自不量力或以弱攻強，結果必然失敗。
2．出奇制勝：發奇兵或用奇計制敵而獲勝。
3．功敗垂成：指事情在即將成功時卻失敗了。"
262,自處尊貴，生活優裕。,養尊處優,炙手可熱,渾渾噩噩,捉襟見肘,A,"2．炙手可熱：比喻地位尊貴，勢燄熾盛。
3．渾渾噩噩：形容糊裡糊塗，生活茫無目的。
4．捉襟見肘：形容衣衫破敗，生活貧困。"
263,指對於他人的不幸遭遇引以為樂。,兔死狐悲,幸災樂禍,安貧樂道,禍起蕭牆,B,"1．兔死狐悲：比喻因同類的不幸遭遇而感到悲傷。
3．安貧樂道：能安於貧困的處境，並仍以信守道義為樂。
4．禍起蕭牆：比喻禍亂發生於內部。"
264,拉長歲數，增加壽命。,延年益壽,壽比南山,行將就木,壽終正寢,A,"2．壽比南山：壽命如終南山那樣長久。為祝人長壽之辭。
3．行將就木：指年紀已大，壽命將盡。
4．壽終正寢：男子享盡天年，在家中自然死亡。"
265,假借某事為題，表達自己真正的意思，或想做的事。,當務之急,精益求精,逼上梁山,借題發揮,D,"1．當務之急：當前最急迫要做的事。
2．精益求精：指好還要更好的意思。
3．逼上梁山：比喻被迫走上絕路，而做出自己不想做或不應做的事。"
266,形容傳聞四起，議論紛紛。,紙上談兵,紛至沓來,甚囂塵上,七嘴八舌,C,"1．紙上談兵：比喻不切實際的議論。
2．紛至沓來：形容事物紛紛不斷地到來。
4．七嘴八舌：形容人多口雜，議論紛亂。"
267,指不求事物的根本大端，只重視微末小節。,觸類旁通,捨本逐末,微乎其微,如火如荼,B,"1．觸類旁通：謂據已知事物的認識與理解，進而通達對其他類似事物的認知。
3．微乎其微：形容事物非常微小。
4．如火如荼：形容事物的興盛或氣氛的熱烈。"
268,形容非常悲痛憤恨。,呼天搶地,憤世嫉俗,咬牙切齒,痛定思痛,C,"1．呼天搶地：大聲喊天，用頭撞地。形容極度哀傷、悲痛。
2．憤世嫉俗：痛恨腐敗的社會現狀及庸俗的世態。
4．痛定思痛：悲痛平息後，回想當時遭受的痛苦。"
269,有才識志氣的人因遭受挫折而喪失進取心。,山木自寇,槁木死灰,滿腹經綸,英雄氣短,D,"1．山木自寇：比喻人因擁有才能而招致禍患。
2．槁木死灰：形容人因遭受挫折變故而灰心絕望的樣子。
3．滿腹經綸：形容才識豐富，具有處理大事的才能。"
270,比喻除去禍根，不留後患。,開門揖盜,斬草除根,有備無患,養虎遺患,B,"1．開門揖盜：比喻引進壞人，自招禍患。
3．有備無患：事先有準備，即可免除後患。
4．養虎遺患：比喻不除去仇敵、惡人，將給自己留下後患。"
271,比喻彼此的區別非常清楚。,半斤八兩,志同道合,迥然不同,涇渭分明,D,"1．半斤八兩：比喻彼此相當，不相上下。
2．志同道合：彼此的志趣和理想一致。
3．迥然不同：彼此不同，相差很大。"
272,形容為人廉潔。,涓滴歸公,赤子之心,忠心耿耿,老奸巨猾,A,"2．赤子之心：比喻純潔、善良的心地。
3．忠心耿耿：形容極為忠誠。
4．老奸巨猾：形容人世故老練、極為奸詐狡猾。"
273,比喻借用他人的東西來作人情。,慷慨解囊,借花獻佛,投桃報李,移花接木,B,"1．慷慨解囊：指輕財仗義，毫不吝嗇地捐助錢財給人。
3．投桃報李：比喻朋友間友好往來或相互贈答。
4．移花接木：比喻暗中使用手段，以假換真，欺騙他人。"
274,比喻見識粗淺，不夠仔細深入。,浮光掠影,目光如豆,深思熟慮,夜郎自大,A,"2．目光如豆：形容目光短淺，見識狹窄。
3．深思熟慮：仔細而深入地考慮。
4．夜郎自大：比喻人見識短淺，狂妄自大。"
275,比喻不敢說話。,噤若寒蟬,侃侃而談,低聲下氣,旁若無人,A,"2．侃侃而談：形容說話從容不迫的樣子。
3．低聲下氣：形容說話恭順小心的樣子。
4．旁若無人：形容說話舉動毫無顧忌。"
276,男子享盡天年，在家中自然死亡。,聽天由命,慘綠少年,同歸於盡,壽終正寢,D,"1．聽天由命：形容任憑天意及命運而自然發展。
2．慘綠少年：指服飾華美、風度翩翩的青年男子。
3．同歸於盡：比喻一同毀滅或死亡。"
277,比喻失勢者重新得勢。,另起爐灶,死灰復燃,改過自新,重見天日,B,"1．另起爐灶：比喻捨棄舊事物，重新來過。
3．改過自新：改正過失，重新作人。
4．重見天日：被拘禁的人重新見到光明，獲得自由。"
278,形容宴飲進行或結束時，杯盤散亂的情形。,杯盤狼藉,一盤散沙,聲名狼藉,盤根錯節,A,"2．一盤散沙：比喻人心渙散，缺乏凝合的力量，不能團結起來。
3．聲名狼藉：指肆意妄為，名聲惡劣。
4．盤根錯節：樹根盤屈，枝節交錯。"
279,樹根盤屈，枝節交錯。,張冠李戴,杯盤狼藉,盤根錯節,一念之差,C,"1．張冠李戴：比喻認錯對象或弄錯事情。
2．杯盤狼藉：形容宴飲進行或結束時，杯盤散亂的情形。
4．一念之差：一個念頭的差錯。"
280,形容盛怒的樣子。,惱羞成怒,怒髮衝冠,疾言厲色,心平氣和,B,"1．惱羞成怒：因羞愧到極點而惱恨發怒。
3．疾言厲色：言語急迫，神色嚴厲。形容人發怒的樣子。
4．心平氣和：形容心氣平和，不急不怒。"
281,形容戒慎恐懼，認真負責的樣子。,張口結舌,兢兢業業,魂飛魄散,敷衍塞責,B,"1．張口結舌：形容恐懼慌張，或理屈說不出話的樣子。
3．魂飛魄散：形容非常恐懼害怕。
4．敷衍塞責：形容做事不認真負責，只是表面應付。"
282,比喻被莫名力量驅使而不由自主。,魂不附體,鬼使神差,完璧歸趙,神出鬼沒,B,"1．魂不附體：形容驚嚇過度而心不能自主。
3．完璧歸趙：比喻物歸原主。
4．神出鬼沒：形容出沒無常，變化莫測。"
283,比喻赤誠相待，忠貞不二。,人心不古,高風亮節,禮尚往來,披肝瀝膽,D,"1．人心不古：感嘆現在的人，失去古人的忠厚淳樸。
2．高風亮節：形容人的品格高尚，氣節堅貞。
3．禮尚往來：比喻別人以禮相待，也要以禮回報。"
284,形容彼此同甘共苦。,一丘之貉,心心相印,迥然不同,休戚與共,D,"1．一丘之貉：比喻彼此同樣低劣，並無差異。
2．心心相印：比喻彼此心意互通。
3．迥然不同：彼此不同，相差很大。"
285,指人病重，無藥可救。,病入膏肓,屋下架屋,以毒攻毒,故態復萌,A,"2．屋下架屋：比喻重複模仿，無所創新。
3．以毒攻毒：用有毒的藥物來治療毒瘡等疾病。
4．故態復萌：形容老毛病又犯了。"
286,比喻因力量不夠而感到無可奈何。,兔死狐悲,唾手可得,望洋興嘆,大喜過望,C,"1．兔死狐悲：比喻因同類的不幸遭遇而感到悲傷。
2．唾手可得：比喻事物很容易得到。
4．大喜過望：因結果超過原本預期而感到特別高興。"
287,形容得過且過，只圖眼前安逸，不顧將來。,好逸惡勞,奮不顧身,苟且偷安,自強不息,C,"1．好逸惡勞：貪圖安逸而不願勞動。
2．奮不顧身：奮勇向前，不顧生死。
4．自強不息：自己不斷努力向上，永不懈怠。"
288,指共同抵禦仇敵。,旗鼓相當,同仇敵愾,百戰百勝,養虎遺患,B,"1．旗鼓相當：比喻雙方勢均力敵。
3．百戰百勝：形容善於作戰，所向無敵。
4．養虎遺患：比喻不除去仇敵、惡人，將給自己留下後患。"
289,形容事物紛紛不斷地到來。,兵連禍結,目不暇給,紛至沓來,蒸蒸日上,C,"1．兵連禍結：戰爭持續不斷，災禍接連而來。
2．目不暇給：形容眼前美好事物不斷或景物變化太快，讓人來不及觀賞。
4．蒸蒸日上：形容事物不斷地進步發展。"
290,為了要使對方就範，故意先放鬆一步。,欲擒故縱,明知故犯,打草驚蛇,搖搖欲墜,A,"2．明知故犯：形容明明知道不對，卻故意去做。
3．打草驚蛇：比喻行事不密，反而使對方有所警覺和防備。
4．搖搖欲墜：形容就要掉下來或就要垮臺的樣子。"
291,形容縱情放任，不受世俗禮教約束。,天馬行空,飛揚跋扈,斯文掃地,放浪形骸,D,"1．天馬行空：比喻文才氣勢豪放，不受拘束。
2．飛揚跋扈：形容態度蠻橫放縱，不受約束。
3．斯文掃地：指文人不顧操守，或文化禮教受到鄙棄。"
292,頭部豐滿，肚腹肥胖。,腦滿腸肥,骨瘦如柴,滿面春風,心滿意足,A,"2．骨瘦如柴：形容非常消瘦的樣子。
3．滿面春風：形容滿臉笑容、心情喜悅。
4．心滿意足：心理滿足如意。"
293,身上被泥、水沾汙不利行動。,拖泥帶水,按兵不動,斬釘截鐵,無的放矢,A,"2．按兵不動：形容暫時不採取行動。
3．斬釘截鐵：形容說話辦事堅決果斷，毫不猶豫。
4．無的放矢：比喻言語或行動沒有目的。"
294,形容倉皇逃跑的狼狽樣子。,單刀直入,國色天香,黃袍加身,抱頭鼠竄,D,"1．單刀直入：比喻直截了當，不繞圈子。
2．國色天香：形容容貌美麗、姿態曼妙的女子。
3．黃袍加身：指被擁戴為皇帝。"
295,比喻品行高潔、操守純正。,斯文掃地,獨善其身,赤子之心,冰清玉潔,D,"1．斯文掃地：指文人不顧操守，或文化禮教受到鄙棄。
2．獨善其身：堅守個人的節操修養。
3．赤子之心：比喻純潔、善良的心地。"
296,比喻意志堅定，不懼艱苦。,水深火熱,死心塌地,見異思遷,精衛填海,D,"1．水深火熱：比喻處境非常艱困、痛苦。
2．死心塌地：形容心意已定，不再改變。
3．見異思遷：比喻意志不堅定。"
297,由於光線折射造成的自然現象或虛幻的影象。,黃粱一夢,海市蜃樓,兵荒馬亂,畫餅充飢,B,"1．黃粱一夢：比喻榮華富貴如夢般短暫而虛幻，且終歸泡影。
3．兵荒馬亂：形容戰爭所造成的混亂景象。
4．畫餅充飢：比喻徒具虛名而無益於實際。"
298,形容物品十分珍貴。,價值連城,鳳毛麟角,一刻千金,米珠薪桂,A,"2．鳳毛麟角：比喻稀罕珍貴的人、物。
3．一刻千金：比喻時間極為珍貴。
4．米珠薪桂：比喻物價昂貴。"
299,形容非常恐懼害怕。,青面獠牙,戰戰兢兢,談虎色變,魂飛魄散,D,"1．青面獠牙：形容面容非常凶惡可怕。
2．戰戰兢兢：形容戒慎恐懼的樣子。
3．談虎色變：比喻一提及某事就非常害怕。"
300,形容人事或氣氛黑暗混亂。,烏煙瘴氣,一團和氣,七竅生煙,如火如荼,A,"2．一團和氣：一片祥和的氣氛。
3．七竅生煙：形容焦急或氣憤到了極點。
4．如火如荼：形容事物的興盛或氣氛的熱烈。"
301,比喻從旁鼓動，使事態擴大。,息事寧人,推波助瀾,排難解紛,防微杜漸,B,"1．息事寧人：指平息紛爭，以使彼此相安。
3．排難解紛：指排除危難，解決紛爭。
4．防微杜漸：防範弊病要從小地方著手，並制止弊端逐漸擴大。"
302,形容非常消瘦的樣子。,寸草不留,弱不禁風,骨瘦如柴,日月如梭,C,"1．寸草不留：比喻消滅殆盡。
2．弱不禁風：形容人身體十分瘦弱。
4．日月如梭：形容時光消逝迅速。"
303,比喻悲痛至極。,不寒而慄,樂不可支,如喪考妣,痛定思痛,C,"1．不寒而慄：形容內心恐懼極至。
2．樂不可支：形容快樂到了極點。
4．痛定思痛：悲痛平息後，回想當時遭受的痛苦。"
304,比喻做學問或學習某事，只一味襲用他人的經驗或成果，而不求甚解。,不學無術,一傅眾咻,春華秋實,生吞活剝,D,"1．不學無術：人未經學習而沒有學問才幹。
2．一傅眾咻：比喻學習受到周圍眾人的干擾，難以有所成效。
3．春華秋實：比喻才學與德行，或學習有了成果。"
305,形容刻意地人工施為與雕琢。,待價而沽,虛懷若谷,不可一世,矯揉造作,D,"1．待價而沽：比喻人等待良機，為世所用。
2．虛懷若谷：形容為人謙虛，能接納他人的意見。
3．不可一世：指人驕橫自大，目空一切，以為他人無與倫比。"
306,比喻所見甚小，未得全貌。,高瞻遠矚,管中窺豹,融會貫通,囫圇吞棗,B,"1．高瞻遠矚：形容見識遠大。
3．融會貫通：形容將各種知識或事物加以融合、貫穿，進而獲得全面通徹的領會。
4．囫圇吞棗：比喻理解事物籠統含糊，或為學不求甚解。"
307,比喻世事變幻無常。,神出鬼沒,白雲蒼狗,朝秦暮楚,一場春夢,B,"1．神出鬼沒：形容出沒無常，變化莫測。
3．朝秦暮楚：比喻人心反覆無常。
4．一場春夢：比喻世事變幻，轉眼成空。"
308,形容荒唐、錯誤到了極點。,文過飾非,荒謬絕倫,喪心病狂,七竅生煙,B,"1．文過飾非：掩飾過失、錯誤。
3．喪心病狂：形容人殘忍可惡到了極點。
4．七竅生煙：形容焦急或氣憤到了極點。"
309,形容事事追隨或仿傚別人。,目中無人,作威作福,擇善而從,亦步亦趨,D,"1．目中無人：形容人高傲自大，瞧不起別人。
2．作威作福：仗著權勢欺壓別人。
3．擇善而從：選擇好的去追隨、採用。"
310,比喻辦事得心應手或處事圓融。,左顧右盼,左右逢源,胸有成竹,逢場作戲,B,"1．左顧右盼：向左右兩邊張望。
3．胸有成竹：比喻處事有定見。
4．逢場作戲：比喻隨事應景，藉機遊戲玩耍一番，並非正經。"
311,比喻學問、技術、功夫等到達精純完美的境地。,苦心孤詣,不識之無,百步穿楊,爐火純青,D,"1．苦心孤詣：指費盡心思，專心研究，達到他人所無法達到的境地。
2．不識之無：比喻不識字或毫無學問。
3．百步穿楊：形容射箭技術高超。"
312,指當女婿，或用來稱女婿。,戶限為穿,坦腹東床,掌上明珠,弄瓦之喜,B,"1．戶限為穿：形容來訪人數眾多。
3．掌上明珠：比喻極受珍愛的人或物，常用來稱女兒。
4．弄瓦之喜：祝賀人生女之辭。"
313,比喻閉塞的心思，頓時豁然醒悟。,嘔心瀝血,執迷不悟,發人深省,茅塞頓開,D,"1．嘔心瀝血：比喻費盡心思，用盡心血。
2．執迷不悟：堅持錯誤的觀念而不醒悟。
3．發人深省：啟發人深刻思考而有所醒悟。"
314,比喻別人以禮相待，也要以禮回報。,五體投地,出言不遜,禮尚往來,不識抬舉,C,"1．五體投地：致敬儀式，指雙膝雙肘及頭五處著地，佛教徒沿用以禮敬三寶。
2．出言不遜：說話傲慢無禮。
4．不識抬舉：指責人不接受或不自知別人的禮遇優待。"
315,形容孤單無伴。,形單影隻,形影不離,四面楚歌,青梅竹馬,A,"2．形影不離：形容關係密切，無時無處不在一起。
3．四面楚歌：比喻四面受敵，孤立無援。
4．青梅竹馬：指從小就相識的同伴。"
316,奉承依附有權勢的人。,一呼百諾,趨炎附勢,寄人籬下,作威作福,B,"1．一呼百諾：形容權勢顯赫，隨從眾多。
3．寄人籬下：比喻依附他人生活，不能自立。
4．作威作福：仗著權勢欺壓別人。"
317,比喻局勢緊張，衝突一觸即發。,與虎謀皮,張口結舌,劍拔弩張,面紅耳赤,C,"1．與虎謀皮：比喻所謀者與對方有利害衝突，事情必辦不成。
2．張口結舌：形容恐懼慌張，或理屈說不出話的樣子。
4．面紅耳赤：形容人因緊張、焦急、害羞等而滿臉發紅的樣子。"
318,比喻政令、主張或意見反覆無常。,朝令夕改,白雲蒼狗,光天化日,世態炎涼,A,"2．白雲蒼狗：比喻世事變幻無常。
3．光天化日：指政治清明的太平盛世。
4．世態炎涼：比喻世俗情態反覆無常。"
319,指誓言說得非常誠懇可信。,信誓旦旦,苦口婆心,忠言逆耳,言聽計從,A,"2．苦口婆心：形容以懇切真摯的態度，竭力勸告他人。
3．忠言逆耳：形容誠懇正直的規勸往往刺耳，而不易被人接受。
4．言聽計從：形容某人深受信任。"
320,比喻關係密切，利害相關。,脣亡齒寒,一刀兩斷,寸步不離,和衷共濟,A,"2．一刀兩斷：比喻堅決地斷絕關係。
3．寸步不離：比喻關係密切，總是在一起。
4．和衷共濟：比喻彼此同心共渡難關。"
321,比喻人才或美好的事物相匹配或同時薈集。,珠聯璧合,滄海遺珠,美不勝收,楚材晉用,A,"2．滄海遺珠：比喻被埋沒的人才或珍貴事物。
3．美不勝收：形容美好的事物太多，無法盡收眼底。
4．楚材晉用：比喻人才外流。"
322,形容國家或集團的分裂瓦解。,毀家紓難,盡忠報國,多難興邦,分崩離析,D,"1．毀家紓難：傾盡家產以解救國家危難。
2．盡忠報國：竭盡忠誠，報效國家。
3．多難興邦：國家多難，則上下團結奮發，促使邦國更加興盛。"
323,比喻品德敗壞的人。,亡命之徒,年高德劭,正人君子,衣冠禽獸,D,"1．亡命之徒：比喻不顧性命作奸犯科的人。
2．年高德劭：指年紀大而品德好。
3．正人君子：品行端正的人。"
324,比喻巴結權貴，以求晉升。,切磋琢磨,扶搖直上,攀龍附鳳,委曲求全,C,"1．切磋琢磨：比喻互相研究討論，取長補短，以求精進。
2．扶搖直上：比喻快速上升。
4．委曲求全：委曲自己，遷就別人，以求保全。"
325,比喻英勇作戰，效命沙場。,金戈鐵馬,百戰百勝,馬革裹屍,枕戈待旦,C,"1．金戈鐵馬：形容戰士的雄壯英姿。
2．百戰百勝：形容善於作戰，所向無敵。
4．枕戈待旦：形容隨時準備作戰，殺敵報國的心情急切。"
326,形容女子容貌美麗出眾。,沉魚落雁,衣冠楚楚,秀外慧中,超群絕倫,A,"2．衣冠楚楚：形容男子服裝整齊出眾。
3．秀外慧中：形容一個人容貌秀美，內心聰慧。
4．超群絕倫：形容才能出眾。"
327,比喻時機成熟，事情自然成功。,一鼓作氣,旗開得勝,瓜熟蒂落,有志竟成,C,"1．一鼓作氣：比喻做事時要趁著初起時的勇氣去做才容易成功。
2．旗開得勝：比喻事情才一開始就獲得成功。
4．有志竟成：立定志向去做，終必成功。"
328,形容逃跑得無影無蹤。,漏網之魚,逃之夭夭,得寸進尺,情不自禁,B,"1．漏網之魚：比喻僥倖逃脫法網的人。
3．得寸進尺：比喻貪得無厭。
4．情不自禁：感情激動得無法自我控制。"
329,形容地勢雄偉險要。,龍潭虎穴,虎口餘生,龍蟠虎踞,生龍活虎,C,"1．龍潭虎穴：比喻危及生命的凶險之地。
2．虎口餘生：比喻冒大險而不死。
4．生龍活虎：比喻活潑勇猛，生氣勃勃。"
330,明達事理、洞見時勢的人，不參與會帶給自己危險的事。,一觸即發,懸崖勒馬,明哲保身,岌岌可危,C,"1．一觸即發：比喻很緊張的情勢或很危險的時刻。
2．懸崖勒馬：比喻到了危險的邊緣而及時回頭。
4．岌岌可危：形容非常危險。"
331,比喻曾經出過差錯，唯恐再錯而不去做該做的事。,當仁不讓,樂此不疲,當務之急,因噎廢食,D,"1．當仁不讓：遇到應該做的事，主動承擔起來而不推辭。
2．樂此不疲：特別喜好做某些事，而不覺得厭煩、疲倦。
3．當務之急：當前最急迫要做的事。"
332,比喻東西很難找到或事情很難做到。,易如反掌,一觸即發,海底撈針,磨杵成針,C,"1．易如反掌：比喻事情非常容易做到。
2．一觸即發：比喻很緊張的情勢或很危險的時刻。
4．磨杵成針：比喻只要有恆心，努力去做，無論多麼困難的事，都可以成功。"
333,表示恣意運用兵力，發動戰爭。,兵荒馬亂,投鞭斷流,窮兵黷武,捲土重來,C,"1．兵荒馬亂：形容戰爭所造成的混亂景象。
2．投鞭斷流：比喻軍旅眾多，兵力強大。
4．捲土重來：比喻兵敗後，重組兵力，再次來過。"
334,因羞愧到極點而惱恨發怒。,疾言厲色,惱羞成怒,痛心疾首,心平氣和,B,"1．疾言厲色：言語急迫，神色嚴厲。形容人發怒的樣子。
3．痛心疾首：指痛恨到極點。
4．心平氣和：形容心氣平和，不急不怒。"
335,比喻想要除害，但因有所顧忌而不敢下手。,肆無忌憚,裹足不前,投鼠忌器,噤若寒蟬,C,"1．肆無忌憚：形容人恣意妄為，毫無顧忌。
2．裹足不前：形容有所顧忌，而停止腳步，不敢向前。
4．噤若寒蟬：比喻不敢說話。"
336,比喻刻意挑剔過失或缺點。,欲蓋彌彰,諱疾忌醫,吹毛求疵,改過自新,C,"1．欲蓋彌彰：形容想要掩飾過失，反而使過失更加顯明。
2．諱疾忌醫：比喻掩飾過失而不願聽人規勸。
4．改過自新：改正過失，重新作人。"
337,比喻初入社會，缺乏歷練。,意氣用事,陳陳相因,一盤散沙,初出茅廬,D,"1．意氣用事：處理事務但憑情緒，缺乏理智。
2．陳陳相因：比喻因襲舊例，缺乏創新。
3．一盤散沙：比喻人心渙散，缺乏凝合的力量，不能團結起來。"
338,比喻禍亂發生於內部。,禍起蕭牆,防患未然,罪魁禍首,禍從口出,A,"2．防患未然：比喻趁禍患還未發生之前就加以防備。
3．罪魁禍首：領導或策劃肇禍犯罪的首要人物。
4．禍從口出：說話不謹慎，往往招致禍害。"
339,比喻強弱懸殊，穩操勝算。,安如泰山,以卵投石,泰山壓卵,五日京兆,C,"1．安如泰山：形容安定穩固如泰山一般，不可動搖。
2．以卵投石：比喻自不量力或以弱攻強，結果必然失敗。
4．五日京兆：比喻任職的時間短暫，或無法作長遠打算。"
340,指將不正確的訊息繼續傳播下去。,似是而非,騎虎難下,自以為是,以訛傳訛,D,"1．似是而非：表面上好像正確，實際上卻是錯誤的。
2．騎虎難下：比喻事情迫於情勢，無法中止，只好繼續做下去。
3．自以為是：自認觀點與做法皆正確，不肯虛心接受別人意見。"
341,比喻心懷不軌，伺機掠奪。,調虎離山,虎視眈眈,視死如歸,一視同仁,B,"1．調虎離山：比喻用計誘使對方離開他的據點，以便趁機行事，達成目的。
3．視死如歸：形容為了理想而不怕犧性生命，無所畏懼。
4．一視同仁：指平等待人，不分親疏厚薄。"
342,比喻使人立即醒悟的警示。,頑石點頭,藏頭露尾,恍然大悟,當頭棒喝,D,"1．頑石點頭：比喻說理透澈，使人心服。
2．藏頭露尾：形容言多隱諱，舉止畏縮的樣子。
3．恍然大悟：猛然醒悟過來。"
343,傾盡家產以解救國家危難。,落井下石,毀家紓難,排難解紛,束手待斃,B,"1．落井下石：比喻乘人危難時，加以陷害。
3．排難解紛：指排除危難，解決紛爭。
4．束手待斃：比喻危難時不想辦法解決，坐等敗亡。"
344,形容罪狀極多。,罄竹難書,腰纏萬貫,汗牛充棟,殺人如麻,A,"2．腰纏萬貫：比喻財富極多。
3．汗牛充棟：形容書籍極多。
4．殺人如麻：形容殺人極多。"
345,比喻文人的才思枯竭，無法再創佳句。,下筆成章,江郎才盡,山窮水盡,忍無可忍,B,"1．下筆成章：比喻才思敏捷且具文采。
3．山窮水盡：水陸交通阻斷，無法通行。
4．忍無可忍：忍耐到了極點，無法再忍受。"
346,比喻待人勢利，態度轉變迅速。,日月如梭,前倨後恭,瞬息萬變,雷厲風行,B,"1．日月如梭：形容時光消逝迅速。
3．瞬息萬變：形容在極短的時間內變化迅速。
4．雷厲風行：比喻人行事嚴格迅速。"
347,比喻事成之後，有功之人即遭到殺戮或見棄的命運。,兔死狗烹,一成不變,投筆從戎,血流漂杵,A,"2．一成不變：事情既定之後，從不改變。
3．投筆從戎：比喻棄文從軍，以衛國立功。
4．血流漂杵：形容戰場上殺戮的慘酷。"
348,一整夜到天亮。,通宵達旦,日薄西山,白駒過隙,曇花一現,A,"2．日薄西山：比喻人已衰老或事物即將衰敗。
3．白駒過隙：比喻時間過得很快。
4．曇花一現：人或事物一出現便迅速消失。"
349,形容土石崩塌、磚瓦破碎的情景。,土崩瓦解,賞心悅目,天翻地覆,牢不可破,A,"2．賞心悅目：形容情景美好，使心目都感到快樂舒暢。
3．天翻地覆：形容巨大地改變原有的情狀。
4．牢不可破：形容事情或觀念已經固定，難以改變。"
350,領導或策劃肇禍犯罪的首要人物。,大義滅親,咎由自取,開門揖盜,罪魁禍首,D,"1．大義滅親：比喻為了維護公理正義，不徇私情，滅了犯罪的親人，或讓他們接受法律制裁。
2．咎由自取：所有的罪過、災禍都是自己造成的。
3．開門揖盜：比喻引進壞人，自招禍患。"
351,大海變為陸地，陸地淪為大海。比喻環境變化很大。,滄海桑田,天翻地覆,人去樓空,一成不變,A,"2．天翻地覆：形容巨大地改變原有的情狀。
3．人去樓空：表示舊地重遊時人事已非，或對故人的思念。
4．一成不變：事情既定之後，從不改變。"
352,比喻改變制度、做法或態度。,改頭換面,不動聲色,改弦易轍,中庸之道,C,"1．改頭換面：比喻只改變外表或形式，實質並未改變。
2．不動聲色：形容人遇事不張揚的冷靜態度。
4．中庸之道：不偏不倚、無過與不及的處事態度。"
353,依據受教者不同的資質與能力，給予適合的教導。,爐火純青,異曲同工,因材施教,乳臭未乾,C,"1．爐火純青：比喻學問、技術、功夫等到達精純完美的境地。
2．異曲同工：不同的作法收到同樣的功效。
4．乳臭未乾：譏諷人年紀輕，沒有經驗與能力。"
354,形容性情率真，毫不假飾。,天真爛漫,輕而易舉,當機立斷,心直口快,A,"2．輕而易舉：形容非常輕鬆，毫不費力。
3．當機立斷：當下立刻作出決斷，毫不遲疑。
4．心直口快：形容性情直率，說話不隱諱。"
355,比喻愛一個人也連帶地關愛與他有關的一切。,葉公好龍,膾炙人口,風花雪月,愛屋及烏,D,"1．葉公好龍：比喻表面上愛好某事物，實際上並不真正喜愛。
2．膾炙人口：比喻詩文或事物受到眾人的喜愛與傳頌。
3．風花雪月：比喻男女間歡愛之事。"
356,指文人不顧操守，或文化禮教受到鄙棄。,山高水長,瓦釜雷鳴,斯文掃地,一介不取,C,"1．山高水長：比喻人品高潔，垂範久遠。
2．瓦釜雷鳴：比喻平庸無才德的人卻居於顯赫的高位。
4．一介不取：形容人的操守非常清廉。"
357,形容人非常聰明。,明鏡高懸,自命不凡,冰雪聰明,駑馬十駕,C,"1．明鏡高懸：比喻官吏執法能公正嚴明。
2．自命不凡：形容自以為聰明、不平凡。
4．駑馬十駕：比喻才智平庸的人，若能努力不懈，也能趕得上聰明的人。"
358,形容才能出眾。,衣冠楚楚,伯仲之間,超群絕倫,沉魚落雁,C,"1．衣冠楚楚：形容男子服裝整齊出眾。
2．伯仲之間：形容人才能相當，不相上下。
4．沉魚落雁：形容女子容貌美麗出眾。"
359,心動技癢，急切地想嘗試一下。,迫不及待,大聲疾呼,望眼欲穿,躍躍欲試,D,"1．迫不及待：形容心情急切，不願等待。
2．大聲疾呼：大聲而急切地呼喊。
3．望眼欲穿：形容盼望極其深切。"
360,比喻戒慎恐懼，十分小心。,臨深履薄,魂飛魄散,低聲下氣,駭人聽聞,A,"2．魂飛魄散：形容非常恐懼害怕。
3．低聲下氣：形容說話恭順小心的樣子。
4．駭人聽聞：令人聽了十分震驚。"
361,出兵討伐有罪者。,百戰百勝,興師問罪,罪不容誅,逍遙法外,B,"1．百戰百勝：形容善於作戰，所向無敵。
3．罪不容誅：比喻罪大惡極。
4．逍遙法外：犯罪者逃避了應受的法律制裁，仍自由自在。"
362,形容人做事熱心負責，不辭勞苦，不怕嫌怨。,兢兢業業,任勞任怨,目不交睫,一暴十寒,B,"1．兢兢業業：形容戒慎恐懼，認真負責的樣子。
3．目不交睫：比喻人忙碌或心情不安而不能入眠。
4．一暴十寒：比喻人做事缺乏恆心，時常中斷。"
363,因受感動而莊嚴地興起欽佩恭敬之心。,毛骨悚然,大喜過望,惴惴不安,肅然起敬,D,"1．毛骨悚然：形容極端驚懼害怕。
2．大喜過望：因結果超過原本預期而感到特別高興。
3．惴惴不安：形容因恐懼擔憂而心神不安寧。"
364,形容猶豫不決的樣子。,一刀兩斷,斬釘截鐵,草草了事,首鼠兩端,D,"1．一刀兩斷：比喻堅決地斷絕關係。
2．斬釘截鐵：形容說話辦事堅決果斷，毫不猶豫。
3．草草了事：指匆忙隨便地解決事情。"
365,順著事物發展的趨勢，朝有利的方向引導。,因勢利導,蒸蒸日上,如魚得水,物極必反,A,"2．蒸蒸日上：形容事物不斷地進步發展。
3．如魚得水：比喻得到與自己志同道合的人或適合於自己發展的環境。
4．物極必反：事物發展到極點，必然會轉向發展。"
366,比喻罪大惡極，末日已到。,隱惡揚善,怙惡不悛,惡貫滿盈,大逆不道,C,"1．隱惡揚善：隱藏他人的惡行，宣揚他人的善行。
2．怙惡不悛：指人作惡多端，不肯悔改。
4．大逆不道：指違反倫常，罪惡深重。"
367,形容賓客眾多。,倒屣相迎,喧賓奪主,一呼百諾,高朋滿座,D,"1．倒屣相迎：比喻熱情迎接賓客。
2．喧賓奪主：指賓客聲勢強大，占了主人的位置，反客為主。
3．一呼百諾：形容權勢顯赫，隨從眾多。"
368,形容人有所請求，卑躬屈膝向人討好。,搖尾乞憐,輕諾寡信,高抬貴手,移樽就教,A,"2．輕諾寡信：輕易答應別人的請求，卻很少實踐諾言。
3．高抬貴手：請求寬容饒恕的客套話。
4．移樽就教：比喻主動向人求教。"
369,比喻改革變更，重新做起。,改過自新,正本清源,改弦更張,東山再起,C,"1．改過自新：改正過失，重新作人。
2．正本清源：比喻澈底改革以解決問題。
4．東山再起：比喻失勢或退隱之後，重新恢復地位、勢力。"
370,生拉硬扯，牽強解釋。,穿鑿附會,支吾其詞,不求甚解,實事求是,A,"2．支吾其詞：形容以含混牽強的言語，搪塞應付他人。
3．不求甚解：讀書著重理解義理，而不過度鑽研字句上的解釋。
4．實事求是：做事切實，力求真確。"
371,比喻身處危境而不自知，毫無警惕之心。,盲人瞎馬,燕雀處堂,蚍蜉撼樹,居安思危,B,"1．盲人瞎馬：比喻茫然不知處境極為危險。
3．蚍蜉撼樹：比喻不自量力。
4．居安思危：處於安樂的時候，要想到危險可能隨時出現。"
372,在備受寵愛縱容中成長。,嬌生慣養,姑息養奸,連篇累牘,熟能生巧,A,"2．姑息養奸：指過分縱容，助長壞人壞事。
3．連篇累牘：形容文章篇幅冗長。
4．熟能生巧：做事熟練了自然能領悟出其中巧妙的竅門。"
373,形容彼此間的關係密切，利害一致。,休戚相關,寸步不離,涇渭分明,志同道合,A,"2．寸步不離：比喻關係密切，總是在一起。
3．涇渭分明：比喻彼此的區別非常清楚。
4．志同道合：彼此的志趣和理想一致。"
374,比喻人能洞察一切，看到極細微的地方。,立錐之地,先見之明,天涯海角,明察秋毫,D,"1．立錐之地：比喻極微小的地方。
2．先見之明：指具備預先洞察事物的能力。
3．天涯海角：形容偏僻或相距遙遠的地方。"
375,比喻彼此同心共渡難關。,心心相印,和衷共濟,一丘之貉,迥然不同,B,"1．心心相印：比喻彼此心意互通。
3．一丘之貉：比喻彼此同樣低劣，並無差異。
4．迥然不同：彼此不同，相差很大。"
376,形容威風凜冽，足以左右世局。,吟風弄月,風雨飄搖,春風化雨,叱吒風雲,D,"1．吟風弄月：指詩人以清風、明月等題材來吟詠詩句。
2．風雨飄搖：比喻局勢動盪不安，基礎不穩固。
3．春風化雨：指適合草木生長的和風及雨水。"
377,比喻言論空泛或想法不切實際。,名不副實,不著邊際,天花亂墜,好大喜功,B,"1．名不副實：形容空有虛名，不合實際。
3．天花亂墜：形容說話動聽，或浮誇不切實際。
4．好大喜功：指行事作風鋪張浮誇，不切實際。"
378,形容人有勇無謀。,千方百計,權宜之計,匹夫之勇,運籌帷幄,C,"1．千方百計：費盡心機，想盡一切辦法、計謀。
2．權宜之計：因應某種時機而暫用的計謀。
4．運籌帷幄：比喻謀劃策略。"
379,形容人因遭受挫折變故而灰心絕望的樣子。,槁木死灰,山木自寇,一蹶不振,英雄氣短,A,"2．山木自寇：比喻人因擁有才能而招致禍患。
3．一蹶不振：比喻一遭受挫敗，就再也不能振作起來。
4．英雄氣短：有才識志氣的人因遭受挫折而喪失進取心。"
380,比喻事情發展到最後，形跡敗露，現出真相。,物極必反,撲朔迷離,盲人摸象,圖窮匕見,D,"1．物極必反：事物發展到極點，必然會轉向發展。
2．撲朔迷離：形容事情錯綜複雜，難以辨明真相。
3．盲人摸象：比喻以偏概全，未能洞明真相。"
381,形容極細緻精巧。,體貼入微,小巧玲瓏,錙銖必較,錦心繡口,B,"1．體貼入微：形容對人的關懷與照顧，十分細緻周到。
3．錙銖必較：對極少的錢財或極細小的事情，都要仔細計較。
4．錦心繡口：形容心思精巧，能寫出華美的作品。"
382,比喻人意圖為害作亂。,出人意表,烏煙瘴氣,神魂顛倒,蠢蠢欲動,D,"1．出人意表：讓人意想不到。
2．烏煙瘴氣：形容人事或氣氛黑暗混亂。
3．神魂顛倒：比喻精神恍惚，心意迷亂。"
383,形容隨時準備作戰，殺敵報國的心情急切。,偃旗息鼓,窮兵黷武,臨渴掘井,枕戈待旦,D,"1．偃旗息鼓：比喻停止進攻或停止某種活動。
2．窮兵黷武：表示恣意運用兵力，發動戰爭。
3．臨渴掘井：比喻事到臨頭才著手準備，為時已晚，無濟於事。"
384,形容做事果決，義無反顧。,急流勇退,顧此失彼,退避三舍,破釜沉舟,D,"1．急流勇退：比喻在仕途順遂、地位得意時，及早引退。
2．顧此失彼：指做事時不能全面兼顧。
3．退避三舍：比喻主動退讓，不與人相爭。"
385,比喻利用某種專長或有價值的東西以謀利。,奇貨可居,投機取巧,權宜之計,滿腹經綸,A,"2．投機取巧：利用時機，獲取利益。
3．權宜之計：因應某種時機而暫用的計謀。
4．滿腹經綸：形容才識豐富，具有處理大事的才能。"
386,比喻佔得地利之便，先得機會。,先發制人,近水樓臺,漫不經心,千載一時,B,"1．先發制人：凡事先下手取得先機，才能制伏對方。
3．漫不經心：隨隨便便，不加留意。
4．千載一時：形容機會十分難得，稍縱即逝。"
387,比喻隨事應景，藉機遊戲玩耍一番，並非正經。,金蟬脫殼,言不由衷,逢場作戲,一場春夢,C,"1．金蟬脫殼：比喻利用假象藉以脫身。
2．言不由衷：心口不一，虛應敷衍。
4．一場春夢：比喻世事變幻，轉眼成空。"
388,忍受屈辱怨謗而承擔重任。,負重致遠,獨當一面,忍無可忍,忍辱負重,D,"1．負重致遠：比喻能夠長期擔負重責大任。
2．獨當一面：獨力擔當某一方面的重任。
3．忍無可忍：忍耐到了極點，無法再忍受。"
389,形容不得人心，處境孤立。,眾望所歸,孤掌難鳴,眾叛親離,日暮途窮,C,"1．眾望所歸：深得眾人擁護、愛戴。
2．孤掌難鳴：比喻人孤立無助，不能成事。
4．日暮途窮：比喻處境非常艱困。"
390,形容戰場上殺戮的慘酷。,鳥盡弓藏,馬革裹屍,血流漂杵,枕戈待旦,C,"1．鳥盡弓藏：比喻事成之後，有功之人卻遭到殺戮或疏遠的命運。
2．馬革裹屍：比喻英勇作戰，效命沙場。
4．枕戈待旦：形容隨時準備作戰，殺敵報國的心情急切。"
391,義理正當，措詞嚴厲。,聲色俱厲,咄咄逼人,名正言順,義正辭嚴,D,"1．聲色俱厲：說話時的聲音和臉色都很嚴厲。
2．咄咄逼人：形容言語凌厲、氣勢迫人。
3．名正言順：指所做的事正當而合理，不容置疑。"
392,假借公家的名義以謀取個人的私利。,大公無私,沽名釣譽,假公濟私,奇貨可居,C,"1．大公無私：秉公處理，毫無偏私。
2．沽名釣譽：故意使用手段，謀取名聲和讚譽。
4．奇貨可居：比喻利用某種專長或有價值的東西以謀利。"
393,形容老人的形貌。,老氣橫秋,返老還童,雞皮鶴髮,鶴立雞群,C,"1．老氣橫秋：形容人老練而自負的神態。
2．返老還童：形容年紀雖大，卻像年輕人一樣精力充沛。
4．鶴立雞群：比喻人的儀表才能超群脫凡。"
394,比喻相距雖近，卻有如相隔天涯一般，無緣相見。,不期而遇,安如泰山,咫尺天涯,天涯海角,C,"1．不期而遇：指未經約定而意外相見。
2．安如泰山：形容安定穩固如泰山一般，不可動搖。
4．天涯海角：形容偏僻或相距遙遠的地方。"
395,形容年紀雖大，卻像年輕人一樣精力充沛。,孺子可教,返老還童,血氣方剛,少年老成,B,"1．孺子可教：指年輕人可以教誨裁培。
3．血氣方剛：泛指年輕人精力正當旺盛，易於衝動。
4．少年老成：年紀雖輕，舉止卻成熟穩重。"
396,比喻看見別人的東西，極想據為己有。,路不拾遺,龐然大物,借花獻佛,垂涎三尺,D,"1．路不拾遺：不會撿拾路上失物，據為己有；形容社會風氣良好。
2．龐然大物：體積巨大的東西。
3．借花獻佛：比喻借用他人的東西來作人情。"
397,比喻感情的堅固或親密。,鐵石心腸,賓至如歸,如膠似漆,情不自禁,C,"1．鐵石心腸：形容人剛強而不為感情所動的秉性。
2．賓至如歸：形容主人招待周到親切，使客人感到滿意。
4．情不自禁：感情激動得無法自我控制。"
398,比喻可同生共死的至交好友。,刎頸之交,八拜之交,起死回生,忘年之交,A,"2．八拜之交：指結拜為異姓兄弟姊妹的朋友。
3．起死回生：使瀕死的人復生。
4．忘年之交：不拘年歲行輩而結交為友。"
399,比喻將困難和災禍推到別人身上。,無妄之災,曾參殺人,以鄰為壑,動輒得咎,C,"1．無妄之災：比喻意外的災禍。
2．曾參殺人：比喻流言可畏或稱誣枉的災禍。
4．動輒得咎：形容人處境困難，極易受到責難。"
400,國家多難，則上下團結奮發，促使邦國更加興盛。,多難興邦,分崩離析,毀家紓難,盡忠報國,A,"2．分崩離析：形容國家或集團的分裂瓦解。
3．毀家紓難：傾盡家產以解救國家危難。
4．盡忠報國：竭盡忠誠，報效國家。"
401,比喻威力強大，勢不可擋。,三頭六臂,尾大不掉,投鞭斷流,雷霆萬鈞,D,"1．三頭六臂：比喻人本領大，力強可畏。
2．尾大不掉：比喻下屬的勢力強大，在上者難以駕馭。
3．投鞭斷流：比喻軍旅眾多，兵力強大。"
402,形容才識豐富，具有處理大事的才能。,滿腹經綸,尺幅千里,包羅萬象,胸無點墨,A,"2．尺幅千里：指篇幅雖短而內容豐富，氣勢遠大。
3．包羅萬象：形容內容豐富，應有盡有。
4．胸無點墨：比喻人毫無學識。"
403,比喻奢侈浮華的享樂生活。,仰人鼻息,紙醉金迷,牛衣對泣,離鄉背井,B,"1．仰人鼻息：比喻依靠他人生活。
3．牛衣對泣：比喻夫妻共度貧困的生活。
4．離鄉背井：指離開故鄉，在外地生活。"
404,指競相爭先，惟恐落後。,爭先恐後,戰戰兢兢,魂飛魄散,瞠乎其後,A,"2．戰戰兢兢：形容戒慎恐懼的樣子。
3．魂飛魄散：形容非常恐懼害怕。
4．瞠乎其後：比喻落後很多，追趕不上。"
405,比喻文詞、歌聲、字跡的流利、圓潤、娟秀。,響遏行雲,舞文弄墨,口誅筆伐,珠圓玉潤,D,"1．響遏行雲：形容歌聲響亮高妙。
2．舞文弄墨：寫作、寫字，借以比喻賣弄筆墨文辭。
3．口誅筆伐：用言語和文字來揭發、譴責他人的罪狀。"
406,比喻一次舉動，可以同時達到兩個目標。,眾矢之的,愚公移山,一箭雙鵰,百發百中,C,"1．眾矢之的：比喻眾人一致攻擊的目標。
2．愚公移山：比喻努力不懈，終能達成目標。
4．百發百中：形容技術高妙，能命中目標。"
407,誠心誠意地歸服。,心悅誠服,不屈不撓,三顧茅廬,開誠布公,A,"2．不屈不撓：指意志堅毅，絕不屈服。
3．三顧茅廬：比喻對賢才真心誠意的邀請、拜訪。
4．開誠布公：比喻誠意待人，坦白無私。"
408,比喻暗中互相算計、爭鬥。,推心置腹,同室操戈,短兵相接,鉤心鬥角,D,"1．推心置腹：比喻以至誠待人。
2．同室操戈：比喻兄弟不睦或內部的爭鬥。
3．短兵相接：比喻近距離激烈地搏打、爭鬥。"
409,比喻自告奮勇，自我推薦。,孤芳自賞,情不自禁,毛遂自薦,反求諸己,C,"1．孤芳自賞：比喻自命清高，自我欣賞。
2．情不自禁：感情激動得無法自我控制。
4．反求諸己：從自己本身找出原因，自我反省。"
410,形容性情倔強，固執己見。,刻舟求劍,虛懷若谷,從善如流,剛愎自用,D,"1．刻舟求劍：比喻拘泥固執，不知變通。
2．虛懷若谷：形容為人謙虛，能接納他人的意見。
3．從善如流：比喻樂於接受別人好的意見。"
411,形容見識遠大。,夜郎自大,目光如豆,高瞻遠矚,鴻鵠之志,C,"1．夜郎自大：比喻人見識短淺，狂妄自大。
2．目光如豆：形容目光短淺，見識狹窄。
4．鴻鵠之志：比喻志向遠大。"
412,比喻主動向人求教。,移花接木,移樽就教,退避三舍,不恥下問,B,"1．移花接木：比喻暗中使用手段，以假換真，欺騙他人。
3．退避三舍：比喻主動退讓，不與人相爭。
4．不恥下問：不以向身分較低微或是學問較自己淺陋的人求教為羞恥。"
413,比喻仕途得意，很快到達高位。,急流勇退,飛黃騰達,白駒過隙,一目十行,B,"1．急流勇退：比喻在仕途順遂、地位得意時，及早引退。
3．白駒過隙：比喻時間過得很快。
4．一目十行：形容閱讀速度很快。"
414,指做事時不能全面兼顧。,兩全其美,顧此失彼,一鼓作氣,面面俱到,B,"1．兩全其美：做事顧全雙方，使兩方面都有獲益。
3．一鼓作氣：比喻做事時要趁著初起時的勇氣去做才容易成功。
4．面面俱到：形容各方面都照顧到。"
415,比喻做事馬虎，不力求完善美備。,因陋就簡,金科玉律,一絲不苟,盡善盡美,A,"2．金科玉律：形容完善嚴密的法律條文或比喻不可變更的信條。
3．一絲不苟：形容做事認真，一點也不馬虎。
4．盡善盡美：形容事物的完善美滿已達極限。"
416,事實和願望相違背。,如願以償,夢寐以求,指日可待,事與願違,D,"1．如願以償：心願得以實現。
2．夢寐以求：形容願望強烈、迫切。
3．指日可待：形容願望或期盼不久即將實現。"
417,形容人的書法遒勁有力。,力透紙背,群策群力,一波三折,龍飛鳳舞,A,"2．群策群力：聚合眾人的智慧和能力。
3．一波三折：書法中的一捺，筆鋒需作三次轉折，使之曲折多姿。
4．龍飛鳳舞：形容書法筆勢飄逸多姿。"
418,比喻愛搬弄是非的婦女。,三姑六婆,移天易日,兩面三刀,指鹿為馬,A,"2．移天易日：比喻奸臣盜弄政權，顛倒是非，欺上瞞下。
3．兩面三刀：比喻陰險狡猾，耍兩面手法，挑撥是非。
4．指鹿為馬：比喻人刻意混淆是非，顛倒黑白。"
419,比喻物品失而復得。,合浦珠還,買櫝還珠,不翼而飛,價值連城,A,"2．買櫝還珠：比喻捨本逐末，取捨失當。
3．不翼而飛：比喻物品無故遺失。
4．價值連城：形容物品十分珍貴。"
420,形容現象離奇怪異，色彩參差錯雜。,良莠不齊,光怪陸離,一念之差,萬紫千紅,B,"1．良莠不齊：好壞參差，素質不一。
3．一念之差：一個念頭的差錯。
4．萬紫千紅：形容百花盛開，色彩絢麗的景象。"
421,形容女子身材修長美麗。,人面桃花,安身立命,亭亭玉立,引人入勝,C,"1．人面桃花：女子容貌美麗，可與桃花爭豔。
2．安身立命：指居處得以容身，生活便有著落，精神上亦有所寄託。
4．引人入勝：引領人進入美麗玄妙的境地。"
422,指對人或事要求完美無缺。,求全責備,不同凡響,不足掛齒,十全十美,A,"2．不同凡響：比喻特出、不平凡的人或事物。
3．不足掛齒：指人或事物輕微，不值得一提。
4．十全十美：比喻圓滿美好毫無缺陷的境界。"
423,形容戒慎恐懼的樣子。,魂飛魄散,張口結舌,戰戰兢兢,杯弓蛇影,C,"1．魂飛魄散：形容非常恐懼害怕。
2．張口結舌：形容恐懼慌張，或理屈說不出話的樣子。
4．杯弓蛇影：比喻為不存在的事情枉自驚疑恐懼。"
424,竭盡忠誠，報效國家。,盡忠報國,盡善盡美,毀家紓難,殫精竭慮,A,"2．盡善盡美：形容事物的完善美滿已達極限。
3．毀家紓難：傾盡家產以解救國家危難。
4．殫精竭慮：指竭盡精力與思慮。"
425,形容含義或真相非常清楚，顯而易見。,撲朔迷離,水落石出,虛懷若谷,昭然若揭,D,"1．撲朔迷離：形容事情錯綜複雜，難以辨明真相。
2．水落石出：比喻事情經過澄清而後真相大白。
3．虛懷若谷：形容為人謙虛，能接納他人的意見。"
426,形容人處境困難，極易受到責難。,狼狽不堪,披荊斬棘,動輒得咎,走投無路,C,"1．狼狽不堪：比喻處境窘迫，進退兩難。
2．披荊斬棘：比喻克服困難，掃除障礙。
4．走投無路：形容處境窘困。"
427,比喻危及生命的凶險之地。,龍蟠虎踞,千鈞一髮,生龍活虎,龍潭虎穴,D,"1．龍蟠虎踞：形容地勢雄偉險要。
2．千鈞一髮：比喻非常危險。
3．生龍活虎：比喻活潑勇猛，生氣勃勃。"
428,形容才能特出，超越眾人。,出類拔萃,伯仲之間,牛刀小試,群策群力,A,"2．伯仲之間：形容人才能相當，不相上下。
3．牛刀小試：比喻有大才能，在小事上施展。
4．群策群力：聚合眾人的智慧和能力。"
429,形容罪狀極多，難以計數。,殺人如麻,腰纏萬貫,擢髮難數,車載斗量,C,"1．殺人如麻：形容殺人極多。
2．腰纏萬貫：比喻財富極多。
4．車載斗量：形容數量很多，不可勝數。"
430,清楚明白地呈現在眼前。,拋頭露面,歷歷在目,殷鑒不遠,一目了然,B,"1．拋頭露面：泛指出現在大眾面前。
3．殷鑒不遠：比喻前人的教訓近在眼前，不可不慎。
4．一目了然：看一眼就完全清楚明白。"
431,集結眾人的智慧，廣泛吸收有益的意見。,集思廣益,從善如流,模稜兩可,隨聲附和,A,"2．從善如流：比喻樂於接受別人好的意見。
3．模稜兩可：比喻處理事情的態度含混，不表示明確的意見或主張。
4．隨聲附和：自己沒有主見，只迎合他人的意見。"
432,歡樂振奮的樣子。,風花雪月,歡欣鼓舞,樂極生悲,愁眉不展,B,"1．風花雪月：比喻男女間歡愛之事。
3．樂極生悲：歡樂到了極點，往往會轉生悲哀。
4．愁眉不展：雙眉緊鎖，很憂愁的樣子。"
433,比喻在行家面前賣弄本事，不自量力。,舞文弄墨,閉門造車,濫竽充數,班門弄斧,D,"1．舞文弄墨：寫作、寫字，借以比喻賣弄筆墨文辭。
2．閉門造車：比喻凡事只憑主觀辦事，不問是否切合實際。
3．濫竽充數：比喻沒有真才實學的人，混在行家中充數。"
434,比喻主動退讓，不與人相爭。,自慚形穢,移樽就教,當仁不讓,退避三舍,D,"1．自慚形穢：泛指與人相比自愧不如。
2．移樽就教：比喻主動向人求教。
3．當仁不讓：遇到應該做的事，主動承擔起來而不推辭。"
435,汗水溼透背部，形容流汗很多。,門庭若市,汗流浹背,顛沛流離,芒刺在背,B,"1．門庭若市：比喻上門來的人很多。
3．顛沛流離：形容生活困迫不安，四處流浪。
4．芒刺在背：比喻因畏忌而極度不安。"
436,比喻一次又一次地繼續努力，毫不鬆懈。,再接再厲,輕而易舉,同心協力,身體力行,A,"2．輕而易舉：形容非常輕鬆，毫不費力。
3．同心協力：團結一致，共同努力。
4．身體力行：指親身努力實踐。"
437,比喻成績優異，名次排在前面。,名不虛傳,身敗名裂,笑容可掬,名列前茅,D,"1．名不虛傳：名聲與實際相符，而非徒有虛名。
2．身敗名裂：地位毀壞，名譽喪失。
3．笑容可掬：形容笑容滿面的樣子。"
438,比喻誠意待人，坦白無私。,古道熱腸,心悅誠服,開誠布公,一視同仁,C,"1．古道熱腸：形容待人仁厚、熱心。
2．心悅誠服：誠心誠意地歸服。
4．一視同仁：指平等待人，不分親疏厚薄。"
439,形容家境極為貧困。,牛衣對泣,盲人瞎馬,四海為家,家徒四壁,D,"1．牛衣對泣：比喻夫妻共度貧困的生活。
2．盲人瞎馬：比喻茫然不知處境極為危險。
3．四海為家：形容富有四海，天下一家。"
440,形容到處都是。,比比皆是,招搖撞騙,滿城風雨,絕無僅有,A,"2．招搖撞騙：形容借名炫耀，到處詐騙。
3．滿城風雨：形容到處颳風下雨的景象。
4．絕無僅有：形容極為稀少。"
441,形容技藝精巧，達到鬼神靈妙的境界。,鬼斧神工,神通廣大,十全十美,苦心孤詣,A,"2．神通廣大：形容本領、手段高明巧妙。
3．十全十美：比喻圓滿美好毫無缺陷的境界。
4．苦心孤詣：指費盡心思，專心研究，達到他人所無法達到的境地。"
442,比喻虛有其表。,無中生有,羊質虎皮,名副其實,巧言令色,B,"1．無中生有：指本無其事，憑空捏造。
3．名副其實：名聲或名稱與實際相符合。
4．巧言令色：形容人矯情虛偽。"
443,指以往從未發生過。,禍起蕭牆,不念舊惡,史無前例,防患未然,C,"1．禍起蕭牆：比喻禍亂發生於內部。
2．不念舊惡：不記以往的過錯嫌隙。
4．防患未然：比喻趁禍患還未發生之前就加以防備。"
444,比喻人故作憂戚狀或妄發牢騷。,雞犬不寧,無病呻吟,躊躇滿志,高枕無憂,B,"1．雞犬不寧：比喻被嚴重騷擾。
3．躊躇滿志：怡然自得地感到心滿意足。
4．高枕無憂：形容身心安適，無憂無慮。"
445,比喻行動最快者先達到目的。,無的放矢,南轅北轍,欲速不達,捷足先登,D,"1．無的放矢：比喻言語或行動沒有目的。
2．南轅北轍：比喻行動和想要達到的目的相反。
3．欲速不達：想要求快，反而不能達到目的。"
446,比喻用錯方法，而致禍害加深。,緣木求魚,雪上加霜,禍從口出,抱薪救火,D,"1．緣木求魚：比喻用錯方法，徒勞無功。
2．雪上加霜：比喻禍患接踵而至，使傷害加重。
3．禍從口出：說話不謹慎，往往招致禍害。"
447,形容人身體孱弱，不久於世的晚年。,弱不禁風,老當益壯,血氣方剛,風燭殘年,D,"1．弱不禁風：形容人身體十分瘦弱。
2．老當益壯：年紀雖大但身體仍強健，且志氣豪壯。
3．血氣方剛：泛指年輕人精力正當旺盛，易於衝動。"
448,在窮途末路或受逼迫時採取冒險行動或不正當的行為。,剖腹藏珠,改邪歸正,按兵不動,鋌而走險,D,"1．剖腹藏珠：形容人愛財傷身的輕重顛倒行為。
2．改邪歸正：指改正錯誤的行為，返回正途。
3．按兵不動：形容暫時不採取行動。"
449,情況由壞逐漸好轉。,否極泰來,漸入佳境,新陳代謝,江河日下,A,"2．漸入佳境：比喻境況逐漸進展至美好的境界或興味漸濃。
3．新陳代謝：比喻新舊事物交替，舊的逐漸消失，新的逐漸產生。
4．江河日下：比喻情況日漸敗壞。"
450,比喻針對問題的癥結，採取有效的解決方法。,對症下藥,釜底抽薪,束手無策,錦囊妙計,A,"2．釜底抽薪：比喻從根本上解決問題。
3．束手無策：比喻面對問題時，毫無解決的辦法。
4．錦囊妙計：比喻預先規劃以應付意外、解決危急的有效方法。"
451,比喻憑空捏造。,閉門造車,向壁虛造,虛有其表,含血噴人,B,"1．閉門造車：比喻凡事只憑主觀辦事，不問是否切合實際。
3．虛有其表：形容空有華麗的外表，卻無實際的內涵。
4．含血噴人：比喻捏造事實，誣賴他人。"
452,比喻不知事情的輕重緩急。,妄自菲薄,本末倒置,剖腹藏珠,燃眉之急,B,"1．妄自菲薄：隨意看輕自己，不知自重。
3．剖腹藏珠：形容人愛財傷身的輕重顛倒行為。
4．燃眉之急：形容事態嚴重，情況危急。"
453,聽得非常熟悉，而能詳盡地知道或說出來。,耳熟能詳,露出馬腳,駕輕就熟,如數家珍,A,"2．露出馬腳：比喻隱蔽的真相洩露出來。
3．駕輕就熟：比喻對事情很熟悉，做起來很輕鬆。
4．如數家珍：比喻對所述事物非常熟悉，能一一詳述。"
454,形容人愛財傷身的輕重顛倒行為。,滄海遺珠,本末倒置,剖腹藏珠,慷慨解囊,C,"1．滄海遺珠：比喻被埋沒的人才或珍貴事物。
2．本末倒置：比喻不知事情的輕重緩急。
4．慷慨解囊：指輕財仗義，毫不吝嗇地捐助錢財給人。"
455,指年紀大而品德好。,行將就木,年高德劭,倚老賣老,衣冠禽獸,B,"1．行將就木：指年紀已大，壽命將盡。
3．倚老賣老：自以為年紀大，閱歷豐富，而看不起別人。
4．衣冠禽獸：比喻品德敗壞的人。"
456,形容有預知未來的能力。,乳臭未乾,無能為力,未卜先知,群策群力,C,"1．乳臭未乾：譏諷人年紀輕，沒有經驗與能力。
2．無能為力：指沒有能力做好某事。
4．群策群力：聚合眾人的智慧和能力。"
457,雖有耳聞，卻好像沒有聽到一樣不加理會。,臨淵羨魚,返老還童,苗而不秀,置若罔聞,D,"1．臨淵羨魚：比喻雖有欲望，卻沒有實際行動。
2．返老還童：形容年紀雖大，卻像年輕人一樣精力充沛。
3．苗而不秀：比喻人的資質雖好，卻始終沒有成就。"
458,比喻人沒有道理卻強自狡辯。,強詞奪理,口若懸河,不見經傳,理直氣壯,A,"2．口若懸河：比喻能言善辯。
3．不見經傳：比喻沒有名氣。
4．理直氣壯：理由正大、充分，則氣勢壯盛而無所畏懼。"
459,生拉硬扯，勉強湊合。,牽強附會,實事求是,削足適履,烏合之眾,A,"2．實事求是：做事切實，力求真確。
3．削足適履：比喻不顧實際情況，勉強遷就既有的規格或成例。
4．烏合之眾：比喻暫時湊合，無組織、無紀律的一群人。"
460,形容心中喜悅而眉開眼笑的樣子。,錦上添花,笑逐顏開,愁眉不展,見獵心喜,B,"1．錦上添花：比喻美上加美，喜上加喜。
3．愁眉不展：雙眉緊鎖，很憂愁的樣子。
4．見獵心喜：比喻舊習難忘，看見有人在做自己所愛好的事情，便心情愉悅而躍躍欲試。"
461,比喻失敗後積聚力量，重新行動。,重整旗鼓,全軍覆沒,改過自新,破鏡重圓,A,"2．全軍覆沒：比喻完全喪失或澈底失敗。
3．改過自新：改正過失，重新作人。
4．破鏡重圓：比喻夫妻離散或情感決裂後重新團圓合好。"
462,比喻努力奮鬥，求取上進。,同心協力,力爭上游,身體力行,得過且過,B,"1．同心協力：團結一致，共同努力。
3．身體力行：指親身努力實踐。
4．得過且過：形容苟且偷安，不求上進。"
463,堪輿家用以形容山脈河流走向的術語。,來龍去脈,氣壯山河,車水馬龍,登峰造極,A,"2．氣壯山河：形容氣勢如高山大河般雄壯豪邁。
3．車水馬龍：形容繁華熱鬧的景象。
4．登峰造極：登上山峰，到達絕頂。"
464,形容完善嚴密的法律條文或比喻不可變更的信條。,逍遙法外,金科玉律,舞文弄法,因陋就簡,B,"1．逍遙法外：犯罪者逃避了應受的法律制裁，仍自由自在。
3．舞文弄法：指歪曲法律條文。
4．因陋就簡：比喻做事馬虎，不力求完善美備。"
465,形容人功成名就後榮歸故鄉。,樂不思蜀,衣錦還鄉,葉落歸根,離鄉背井,B,"1．樂不思蜀：比喻人因留戀異地而不想返回故鄉。
3．葉落歸根：比喻久居異地之人返回家鄉。
4．離鄉背井：指離開故鄉，在外地生活。"
466,委曲自己，遷就別人，以求保全。,攀龍附鳳,委曲求全,目中無人,解衣推食,B,"1．攀龍附鳳：比喻巴結權貴，以求晉升。
3．目中無人：形容人高傲自大，瞧不起別人。
4．解衣推食：將衣食贈送他人，以示關懷之意。"
467,比喻愛憐、善待女性。,玉石俱焚,憐香惜玉,冰清玉潔,赤子之心,B,"1．玉石俱焚：比喻不論賢愚、善惡、好壞同時受害，盡皆毀滅。
3．冰清玉潔：比喻品行高潔、操守純正。
4．赤子之心：比喻純潔、善良的心地。"
468,表達對荒謬事情難以接受。,甘之如飴,忠言逆耳,豈有此理,作法自斃,C,"1．甘之如飴：指苦難來臨，甘心承受。
2．忠言逆耳：形容誠懇正直的規勸往往刺耳，而不易被人接受。
4．作法自斃：比喻自作自受。"
469,形容非常危險。,化險為夷,居安思危,盲人瞎馬,岌岌可危,D,"1．化險為夷：轉化危險為平安。
2．居安思危：處於安樂的時候，要想到危險可能隨時出現。
3．盲人瞎馬：比喻茫然不知處境極為危險。"
470,偏袒同一派的人，攻擊意見不同的人。,黨同伐異,異曲同工,眾矢之的,同床異夢,A,"2．異曲同工：不同的作法收到同樣的功效。
3．眾矢之的：比喻眾人一致攻擊的目標。
4．同床異夢：比喻共同生活或一起做事的人意見不同，各有各的打算。"
471,將值得書寫的事蹟，鄭重地記錄下來。,恍然大悟,輕描淡寫,不足掛齒,大書特書,D,"1．恍然大悟：猛然醒悟過來。
2．輕描淡寫：形容言論或寫作時，避開關鍵，將重點輕輕帶過。
3．不足掛齒：指人或事物輕微，不值得一提。"
472,形容奔波忙碌，旅途勞累。,克勤克儉,目不交睫,摩頂放踵,風塵僕僕,D,"1．克勤克儉：既能勤勞做事，又能節省用度。
2．目不交睫：比喻人忙碌或心情不安而不能入眠。
3．摩頂放踵：比喻捨己救世，不辭勞苦。"
473,威武的氣概逼人，令人敬畏的樣子。,後生可畏,威風凜凜,人言可畏,觸目驚心,B,"1．後生可畏：比喻年輕人的成就超越先輩，令人敬畏。
3．人言可畏：流言蜚語令人生畏。
4．觸目驚心：形容事情景況，令人震驚。"
474,比喻棄文從軍，以衛國立功。,投鞭斷流,投筆從戎,兔死狗烹,如虎添翼,B,"1．投鞭斷流：比喻軍旅眾多，兵力強大。
3．兔死狗烹：比喻事成之後，有功之人即遭到殺戮或見棄的命運。
4．如虎添翼：比喻強有力者又增添生力軍，使之更強。"
475,指過分縱容，助長壞人壞事。,開門揖盜,嬌生慣養,助紂為虐,姑息養奸,D,"1．開門揖盜：比喻引進壞人，自招禍患。
2．嬌生慣養：在備受寵愛縱容中成長。
3．助紂為虐：比喻協助壞人做壞事。"
476,比喻人事物消逝前的短暫興奮或旺盛現象。,一朝一夕,日月如梭,日新月異,回光返照,D,"1．一朝一夕：形容時間短暫。
2．日月如梭：形容時光消逝迅速。
3．日新月異：形容發展或進步快速，不斷出現新事物或新現象。"
477,形容惱怒的樣子。,氣急敗壞,義憤填膺,心平氣和,疾言厲色,A,"2．義憤填膺：指胸中充滿因正義而激起的憤怒。
3．心平氣和：形容心氣平和，不急不怒。
4．疾言厲色：言語急迫，神色嚴厲。形容人發怒的樣子。"
478,比喻互相競爭，誰能取得最後的勝利。,孤注一擲,鹿死誰手,鉤心鬥角,爭先恐後,B,"1．孤注一擲：比喻危急時，投入全部力量，作最後的冒險。
3．鉤心鬥角：比喻暗中互相算計、爭鬥。
4．爭先恐後：指競相爭先，惟恐落後。"
479,從自己本身找出原因，自我反省。,孤芳自賞,毛遂自薦,怨天尤人,反求諸己,D,"1．孤芳自賞：比喻自命清高，自我欣賞。
2．毛遂自薦：比喻自告奮勇，自我推薦。
3．怨天尤人：比喻面對不如意時，一味地歸咎客觀環境，而不能自我檢討。"
480,比喻父母恩情深重，子女難以報答。,忘恩負義,寸草春暉,結草銜環,以德報怨,B,"1．忘恩負義：受人恩惠不知報答，反而做出對不起恩人的事情。
3．結草銜環：比喻至死不忘感恩圖報。
4．以德報怨：表示不記仇恨，反以恩德回報他人。"
481,比喻容易引起懷疑的場合。,瓜田李下,曲高和寡,大庭廣眾,易如反掌,A,"2．曲高和寡：比喻無法引起大眾的共鳴。
3．大庭廣眾：公開而人多的場合。
4．易如反掌：比喻事情非常容易做到。"
482,受人恩惠不知報答，反而做出對不起恩人的事情。,忘恩負義,以德報怨,寸草春暉,結草銜環,A,"2．以德報怨：表示不記仇恨，反以恩德回報他人。
3．寸草春暉：比喻父母恩情深重，子女難以報答。
4．結草銜環：比喻至死不忘感恩圖報。"
483,內心雖然同情，想要幫助卻無能為力。,愛莫能助,欲罷不能,無濟於事,守望相助,A,"2．欲罷不能：想要停止卻做不到。
3．無濟於事：對事情毫無幫助。
4．守望相助：形容相互幫助，共同守衛、瞭望。"
484,隨意看輕自己，不知自重。,暴殄天物,妄自菲薄,妄自尊大,刻舟求劍,B,"1．暴殄天物：比喻糟蹋物力，不知珍惜。
3．妄自尊大：狂妄地自尊自大。
4．刻舟求劍：比喻拘泥固執，不知變通。"
485,形容凶橫不講理。,豺狼當道,循規蹈矩,橫行霸道,不修邊幅,C,"1．豺狼當道：比喻奸人掌握大權，專斷橫行。
2．循規蹈矩：遵守禮法，不踰越法度。
4．不修邊幅：形容不講究衣飾儀容。"
486,比喻學問或技藝循序漸進，而達到高深的境界。,升堂入室,漸入佳境,循循善誘,不識之無,A,"2．漸入佳境：比喻境況逐漸進展至美好的境界或興味漸濃。
3．循循善誘：形容善於循序漸進地誘導別人。
4．不識之無：比喻不識字或毫無學問。"
487,形容對人的關懷與照顧，十分細緻周到。,小巧玲瓏,體貼入微,心驚膽戰,臨深履薄,B,"1．小巧玲瓏：形容極細緻精巧。
3．心驚膽戰：形容十分驚慌害怕。
4．臨深履薄：比喻戒慎恐懼，十分小心。"
488,自以為年紀大，閱歷豐富，而看不起別人。,倚老賣老,少年老成,年高德劭,目中無人,A,"2．少年老成：年紀雖輕，舉止卻成熟穩重。
3．年高德劭：指年紀大而品德好。
4．目中無人：形容人高傲自大，瞧不起別人。"
489,比喻引進壞人，自招禍患。,開門揖盜,飲鴆止渴,山木自寇,助紂為虐,A,"2．飲鴆止渴：比喻只求解決眼前困難，而不顧將來更大的禍患。
3．山木自寇：比喻人因擁有才能而招致禍患。
4．助紂為虐：比喻協助壞人做壞事。"
490,指故意裝出某種腔調或姿態。,逆來順受,得意忘形,裝腔作勢,言聽計從,C,"1．逆來順受：以順從的態度接受惡劣環境或不合理的待遇。
2．得意忘形：形容人高興過頭，舉止失去常態。
4．言聽計從：形容某人深受信任。"
491,形容不擇手段的取得權利、財物。,順手牽羊,兩袖清風,巧取豪奪,鳳毛麟角,C,"1．順手牽羊：比喻乘機順便取走他人財物。
2．兩袖清風：比喻做官清廉，沒有貪取錢財。
4．鳳毛麟角：比喻稀罕珍貴的人、物。"
492,比喻天上極其高遠之處。,壯志凌雲,心花怒放,九霄雲外,九泉之下,C,"1．壯志凌雲：形容志氣高遠。
2．心花怒放：形容心情極其快活。
4．九泉之下：人死後鬼魂所在之處。"
493,形容猛獸發威的模樣。,張牙舞爪,不三不四,銳不可當,心如刀割,A,"2．不三不四：指不正經、不像樣。
3．銳不可當：形容氣勢威猛，所向無敵。
4．心如刀割：內心痛苦像被刀割一樣。"
494,形容志氣高遠。,海枯石爛,壯志凌雲,九霄雲外,山高水長,B,"1．海枯石爛：形容歷時久遠。
3．九霄雲外：比喻天上極其高遠之處。
4．山高水長：比喻人品高潔，垂範久遠。"
495,比喻朋友間友好往來或相互贈答。,莫逆之交,一見如故,八拜之交,投桃報李,D,"1．莫逆之交：心意相投的朋友。
2．一見如故：初次見面就相處融洽，如同老朋友一般。
3．八拜之交：指結拜為異姓兄弟姊妹的朋友。"
496,比喻認錯對象或弄錯事情。,對牛彈琴,張冠李戴,躍然紙上,一念之差,B,"1．對牛彈琴：比喻講話、做事不看對象。
3．躍然紙上：形容描繪的對象非常生動逼真。
4．一念之差：一個念頭的差錯。"
497,形容學識淺薄，見聞不廣。,博古通今,孤陋寡聞,浮光掠影,夜郎自大,B,"1．博古通今：學問淵博，通曉古今。
3．浮光掠影：比喻見識粗淺，不夠仔細深入。
4．夜郎自大：比喻人見識短淺，狂妄自大。"
498,形容焦急或氣憤到了極點。,七竅生煙,喪心病狂,荒謬絕倫,樂極生悲,A,"2．喪心病狂：形容人殘忍可惡到了極點。
3．荒謬絕倫：形容荒唐、錯誤到了極點。
4．樂極生悲：歡樂到了極點，往往會轉生悲哀。"
499,指排除危難，解決紛爭。,排難解紛,迎刃而解,飲鴆止渴,束手待斃,A,"2．迎刃而解：比喻主要問題解決後，其他相關問題也就容易解決。
3．飲鴆止渴：比喻只求解決眼前困難，而不顧將來更大的禍患。
4．束手待斃：比喻危難時不想辦法解決，坐等敗亡。"
500,泛指與人相比自愧不如。,自慚形穢,無地自容,因地制宜,退避三舍,A,"2．無地自容：形容羞愧至極。
3．因地制宜：根據不同環境的實際情況制定相應的妥善辦法。
4．退避三舍：比喻主動退讓，不與人相爭。"
501,比喻徒具形骸，毫無生氣，庸碌無為的人。,一帆風順,酒池肉林,行屍走肉,庸人自擾,C,"1．一帆風順：比喻非常順利，毫無阻礙。
2．酒池肉林：比喻生活極端奢侈縱欲，毫無節制。
4．庸人自擾：比喻庸碌的人無端自尋煩惱。"
502,形容計策高明、預料準確。,妙手回春,將計就計,神機妙算,神通廣大,C,"1．妙手回春：比喻醫師的醫術高明，能治好重病。
2．將計就計：利用對方的計策，順水推舟，反施其計。
4．神通廣大：形容本領、手段高明巧妙。"
503,比喻精神恍惚，心意迷亂。,養精蓄銳,心曠神怡,神魂顛倒,聚精會神,C,"1．養精蓄銳：保養精神，積蓄力量。
2．心曠神怡：心情開朗，精神愉悅。
4．聚精會神：形容專心致志，精神集中。"
504,形容奔走極為忙碌，沒有休息的時候。,席不暇暖,自顧不暇,目不交睫,責無旁貸,A,"2．自顧不暇：形容自身難保，沒有餘力再管別的事情。
3．目不交睫：比喻人忙碌或心情不安而不能入眠。
4．責無旁貸：自己應盡的責任，沒有理由推卸。"
505,指勤勉而不知疲倦。,一暴十寒,孜孜不倦,食古不化,執迷不悟,B,"1．一暴十寒：比喻人做事缺乏恆心，時常中斷。
3．食古不化：比喻一味守舊而不知變通。
4．執迷不悟：堅持錯誤的觀念而不醒悟。"
506,心情開朗，精神愉悅。,眉開眼笑,心曠神怡,神魂顛倒,聚精會神,B,"1．眉開眼笑：形容愉悅欣喜的神情。
3．神魂顛倒：比喻精神恍惚，心意迷亂。
4．聚精會神：形容專心致志，精神集中。"
507,形容面容非常凶惡可怕。,人面桃花,青面獠牙,魂飛魄散,談虎色變,B,"1．人面桃花：女子容貌美麗，可與桃花爭豔。
3．魂飛魄散：形容非常恐懼害怕。
4．談虎色變：比喻一提及某事就非常害怕。"
508,形容燈火通明燦爛的景象。,火樹銀花,車水馬龍,滿城風雨,落花流水,A,"2．車水馬龍：形容繁華熱鬧的景象。
3．滿城風雨：形容到處颳風下雨的景象。
4．落花流水：形容暮春殘敗的景象。"
509,比喻兵敗後，重組兵力，再次來過。,興師問罪,窮兵黷武,投鞭斷流,捲土重來,D,"1．興師問罪：出兵討伐有罪者。
2．窮兵黷武：表示恣意運用兵力，發動戰爭。
3．投鞭斷流：比喻軍旅眾多，兵力強大。"
510,比喻事不干己，袖手旁觀，漠不關心。,隔岸觀火,見義勇為,秋風過耳,洞若觀火,A,"2．見義勇為：見到合乎正義的事，就奮勇去做。
3．秋風過耳：比喻漠不關心、毫不在意。
4．洞若觀火：比喻觀察事物非常透澈。"
511,比喻獨立不撓、能擔當重任支撐大局的人。,害群之馬,中流擊楫,中流砥柱,忍辱負重,C,"1．害群之馬：比喻危害大眾的人。
2．中流擊楫：比喻復興家國的壯烈情懷。
4．忍辱負重：忍受屈辱怨謗而承擔重任。"
512,指被擁戴為皇帝。,飛黃騰達,設身處地,身敗名裂,黃袍加身,D,"1．飛黃騰達：比喻仕途得意，很快到達高位。
2．設身處地：假想自己處在他人地位或情況中。
3．身敗名裂：地位毀壞，名譽喪失。"
513,比喻凡事只憑主觀辦事，不問是否切合實際。,好大喜功,名不副實,痴人說夢,閉門造車,D,"1．好大喜功：指行事作風鋪張浮誇，不切實際。
2．名不副實：形容空有虛名，不合實際。
3．痴人說夢：比喻說法荒誕，不切實際。"
514,比喻平坦順利、前景光明的道路。,繼往開來,分道揚鑣,康莊大道,堂堂正正,C,"1．繼往開來：承續先人的事業，並為後人開拓道路。
2．分道揚鑣：形容各走各的路。
4．堂堂正正：形容光明正大。"
515,比喻經常看到，不足為奇。,司空見慣,耳濡目染,大驚小怪,食言而肥,A,"2．耳濡目染：經常聽到、看到而深受影響。
3．大驚小怪：形容為一些不足為奇的小事而過分聲張、驚怪。
4．食言而肥：比喻經常說話都不守信用。"
516,形容做事慌亂，失了條理。,語無倫次,有條不紊,手忙腳亂,從容不迫,C,"1．語無倫次：說話顛三倒四，毫無條理。
2．有條不紊：指條理分明，有次序而不雜亂。
4．從容不迫：形容沉著鎮定不慌張。"
517,比喻人外貌和善可親，內心卻陰險狠毒。,山高水長,平易近人,笑裡藏刀,大義滅親,C,"1．山高水長：比喻人品高潔，垂範久遠。
2．平易近人：形容態度和藹親切，容易接近。
4．大義滅親：比喻為了維護公理正義，不徇私情，滅了犯罪的親人，或讓他們接受法律制裁。"
518,指年輕人可以教誨裁培。,返老還童,孺子可教,耳提面命,後生可畏,B,"1．返老還童：形容年紀雖大，卻像年輕人一樣精力充沛。
3．耳提面命：比喻懇切教誨。
4．後生可畏：比喻年輕人的成就超越先輩，令人敬畏。"
519,比喻竭盡忠誠，犧牲生命也在所不惜。,肝腦塗地,因地制宜,殺身成仁,天誅地滅,A,"2．因地制宜：根據不同環境的實際情況制定相應的妥善辦法。
3．殺身成仁：指為正義或崇高的理想而犧牲生命。
4．天誅地滅：形容所作所為天地所不容。"
520,比喻女子打扮美麗、婀娜多姿的樣子。,人面桃花,龍飛鳳舞,鳥語花香,花枝招展,D,"1．人面桃花：女子容貌美麗，可與桃花爭豔。
2．龍飛鳳舞：形容書法筆勢飄逸多姿。
3．鳥語花香：形容景色美好。"
521,形容創立新奇的名目或主張，以表示與眾不同。,異口同聲,拾人牙慧,陳陳相因,標新立異,D,"1．異口同聲：形容眾人的說法或看法相同。
2．拾人牙慧：比喻蹈襲他人的言論或主張。
3．陳陳相因：比喻因襲舊例，缺乏創新。"
522,比喻事出有因，必先有弱點而後才讓他人有機可乘。,物極必反,物腐蟲生,有備無患,空穴來風,B,"1．物極必反：事物發展到極點，必然會轉向發展。
3．有備無患：事先有準備，即可免除後患。
4．空穴來風：比喻事出有因，流言乘隙而入。"
523,形容射箭技術高超。,雞鳴狗盜,一揮而就,百步穿楊,目無全牛,C,"1．雞鳴狗盜：比喻微不足道的技能，或具有這類技能的人。
2．一揮而就：形容在書畫作文方面的敏捷高超。
4．目無全牛：比喻技藝純熟高超。"
524,比喻已經有所獲得，還想得到更多，貪得無厭。,得不償失,旗開得勝,得隴望蜀,唾手可得,C,"1．得不償失：表示所得不足以抵補所失。
2．旗開得勝：比喻事情才一開始就獲得成功。
4．唾手可得：比喻事物很容易得到。"
525,比喻力量所到之處，敵人紛紛潰敗逃散。,所向披靡,腹背受敵,先聲奪人,簞食壺漿,A,"2．腹背受敵：前、後都受到敵人的攻擊。
3．先聲奪人：謂先張大聲威，以挫敗敵人士氣。
4．簞食壺漿：指軍隊受到人民的擁護與愛戴，紛紛慰勞犒賞。"
526,比喻人做某事，反而使自己陷入困境。,生靈塗炭,力不從心,心無二用,作繭自縛,D,"1．生靈塗炭：形容人民處於極端艱苦的困境。
2．力不從心：心裡想做某事，力量卻無法達到。
3．心無二用：指專注做某事，不分心。"
527,根據不同時期的情況，採取合宜的措施應對。,因材施教,不合時宜,因時制宜,無獨有偶,C,"1．因材施教：依據受教者不同的資質與能力，給予適合的教導。
2．不合時宜：不符合時勢趨尚。
4．無獨有偶：某種少見的人、事、物，偏有類同者出現恰巧湊成一對的情況，或兩項事物恰巧相同或類似。"
528,形容疑慮顧忌，膽小怕事。,草木皆兵,暢所欲言,畏首畏尾,憂心如焚,C,"1．草木皆兵：形容疑神疑鬼、驚恐不安。
2．暢所欲言：痛痛快快、毫無顧忌地把想說的話全部講出來。
4．憂心如焚：形容非常焦急憂慮。"
529,比喻事成之後，有功之人卻遭到殺戮或疏遠的命運。,血流漂杵,捲土重來,鳥盡弓藏,汗馬功勞,C,"1．血流漂杵：形容戰場上殺戮的慘酷。
2．捲土重來：比喻兵敗後，重組兵力，再次來過。
4．汗馬功勞：指征戰的功勞，亦泛指一般的功勞。"
530,指情況依舊，沒有任何變化。,依然故我,夜長夢多,平地風波,千篇一律,A,"2．夜長夢多：比喻時間拖久了，易發生不利的變化。
3．平地風波：比喻突然發生事故或變化。
4．千篇一律：形容事物的形式呆板而毫無變化。"
531,形容生活困迫不安，四處流浪。,民不聊生,顛沛流離,心驚肉跳,安居樂業,B,"1．民不聊生：形容百姓生活非常困苦。
3．心驚肉跳：形容恐懼不安，心神不寧。
4．安居樂業：人民生活安定和樂，且喜好自己的工作。"
532,直接進擊敵方都城、巢穴。,以逸待勞,防意如城,直搗黃龍,腹背受敵,C,"1．以逸待勞：作戰時養精蓄銳，等敵方疲憊時再予以攻擊。
2．防意如城：防止私欲的心有如防止敵人攻城。
4．腹背受敵：前、後都受到敵人的攻擊。"
533,憾恨相知不早。,肝膽相照,相敬如賓,相知恨晚,狹路相逢,C,"1．肝膽相照：比喻赤忱相處。
2．相敬如賓：形容夫妻間相處融洽，互相敬愛。
4．狹路相逢：比喻仇人相遇。"
534,比喻處理事情的態度含混，不表示明確的意見或主張。,冷眼旁觀,模稜兩可,逆來順受,拾人牙慧,B,"1．冷眼旁觀：以冷淡或冷靜的態度在旁觀看，不介入其事。
3．逆來順受：以順從的態度接受惡劣環境或不合理的待遇。
4．拾人牙慧：比喻蹈襲他人的言論或主張。"
535,比喻微不足道的技能，或具有這類技能的人。,滄海一粟,雞鳴狗盜,脫穎而出,黔驢技窮,B,"1．滄海一粟：比喻渺小而微不足道。
3．脫穎而出：比喻顯露才能，超越眾人。
4．黔驢技窮：比喻人拙劣的技能已經用完，再也無計可施了。"
536,形容各方面非常寬裕，足以應付所需。,綽綽有餘,叱吒風雲,死有餘辜,八面玲瓏,A,"2．叱吒風雲：形容威風凜冽，足以左右世局。
3．死有餘辜：形容罪惡深重，死都不足以抵罪。
4．八面玲瓏：形容處事圓滑，能巧妙地應付各方面。"
537,形容人民處於極端艱苦的困境。,作繭自縛,窮途末路,相濡以沫,生靈塗炭,D,"1．作繭自縛：比喻人做某事，反而使自己陷入困境。
2．窮途末路：形容無路可走，處於十分窮困的境況。
3．相濡以沫：比喻人同處於困境，而互相以微力救助。"
538,比喻只要有恆心，努力去做，無論多麼困難的事，都可以成功。,磨杵成針,事在人為,瓜熟蒂落,前功盡棄,A,"2．事在人為：事情的成功與否決定於人的努力。
3．瓜熟蒂落：比喻時機成熟，事情自然成功。
4．前功盡棄：指以前辛苦獲得的成果，全部廢棄。"
539,指改正錯誤的行為，返回正途。,鑄成大錯,似是而非,執迷不悟,改邪歸正,D,"1．鑄成大錯：比喻造成重大的錯誤。
2．似是而非：表面上好像正確，實際上卻是錯誤的。
3．執迷不悟：堅持錯誤的觀念而不醒悟。"
540,形容莊重誠敬的樣子。,正襟危坐,心悅誠服,道貌岸然,玩世不恭,A,"2．心悅誠服：誠心誠意地歸服。
3．道貌岸然：形容外表莊重嚴肅的樣子。
4．玩世不恭：以不莊重、不嚴謹的生活態度待人處事。"
541,比喻停止進攻或停止某種活動。,欲罷不能,適可而止,偃旗息鼓,重整旗鼓,C,"1．欲罷不能：想要停止卻做不到。
2．適可而止：指事情做到恰到好處就該停止。
4．重整旗鼓：比喻失敗後積聚力量，重新行動。"
542,比喻精深高雅的文學藝術作品。,生花妙筆,下里巴人,錦心繡口,陽春白雪,D,"1．生花妙筆：比喻文筆美妙，寫作能力極佳。
2．下里巴人：後泛指通俗的文學藝術。
3．錦心繡口：形容心思精巧，能寫出華美的作品。"
543,比喻事情只差最後一步，卻因未能堅持到底而前功盡棄。,執迷不悟,功虧一簣,鍥而不舍,為人作嫁,B,"1．執迷不悟：堅持錯誤的觀念而不醒悟。
3．鍥而不舍：比喻有恆心毅力，堅持到底不懈怠。
4．為人作嫁：比喻徒然為他人辛苦，自己卻得不到好處。"
544,比喻互相較量以決定勝敗、高下。,一決雌雄,舉棋不定,一了百了,事在人為,A,"2．舉棋不定：拿著棋子，不能決定下一步怎樣下。
3．一了百了：主要的事一了結，其餘相關的事也隨之了結。
4．事在人為：事情的成功與否決定於人的努力。"
545,比喻重複模仿，無所創新。,自出機杼,邯鄲學步,陳陳相因,屋下架屋,D,"1．自出機杼：比喻獨創新意、風格。
2．邯鄲學步：比喻模仿不成，反而失去自我。
3．陳陳相因：比喻因襲舊例，缺乏創新。"
546,比喻心存險詐，難以預測。,擢髮難數,刻骨銘心,居心叵測,覆水難收,C,"1．擢髮難數：形容罪狀極多，難以計數。
2．刻骨銘心：形容感受深刻，難以忘懷。
4．覆水難收：比喻事情已成定局，難以挽回。"
547,形容感受深刻，難以忘懷。,驚心動魄,覆水難收,居心叵測,刻骨銘心,D,"1．驚心動魄：形容人內心感受極深，震撼很大。
2．覆水難收：比喻事情已成定局，難以挽回。
3．居心叵測：比喻心存險詐，難以預測。"
548,形容極為忠誠。,老奸巨猾,人心不古,絕無僅有,忠心耿耿,D,"1．老奸巨猾：形容人世故老練、極為奸詐狡猾。
2．人心不古：感嘆現在的人，失去古人的忠厚淳樸。
3．絕無僅有：形容極為稀少。"
549,比喻女子容貌清麗自然，或詩文清新脫俗。,行雲流水,人面桃花,出水芙蓉,吟風弄月,C,"1．行雲流水：形容待人處事或文章字畫飄逸自然，無拘無束。
2．人面桃花：女子容貌美麗，可與桃花爭豔。
4．吟風弄月：指詩人以清風、明月等題材來吟詠詩句。"
550,受到指責不服氣，反過來對對方加以計較、譏斥。,相形見絀,動輒得咎,反脣相稽,入室操戈,C,"1．相形見絀：相互比較之下，其中一方顯得不如對方。
2．動輒得咎：形容人處境困難，極易受到責難。
4．入室操戈：比喻引用對方的論點或材料，反過來駁斥對方。"
551,形容人不受外界影響，仍然依照自己的心意行事。,倒行逆施,困獸猶鬥,我行我素,三思而行,C,"1．倒行逆施：比喻不按照情理行事。
2．困獸猶鬥：比喻處於絕境，仍然奮力抵抗。
4．三思而行：比喻謹慎行事。"
552,比喻彼此關係密切，契合無間。,水乳交融,半斤八兩,藕斷絲連,和衷共濟,A,"2．半斤八兩：比喻彼此相當，不相上下。
3．藕斷絲連：比喻沒有完全斷絕關係。
4．和衷共濟：比喻彼此同心共渡難關。"
553,形容早出晚歸、連夜趕路或工作備極勞累。,披星戴月,鞠躬盡瘁,駑馬十駕,克勤克儉,A,"2．鞠躬盡瘁：比喻恭敬謹慎，不辭勞病地貢獻心力。
3．駑馬十駕：比喻才智平庸的人，若能努力不懈，也能趕得上聰明的人。
4．克勤克儉：既能勤勞做事，又能節省用度。"
554,形容堅固險阻的城池。,直搗黃龍,防意如城,金戈鐵馬,金城湯池,D,"1．直搗黃龍：直接進擊敵方都城、巢穴。
2．防意如城：防止私欲的心有如防止敵人攻城。
3．金戈鐵馬：形容戰士的雄壯英姿。"
555,前、後都受到敵人的攻擊。,黨同伐異,眾矢之的,以逸待勞,腹背受敵,D,"1．黨同伐異：偏袒同一派的人，攻擊意見不同的人。
2．眾矢之的：比喻眾人一致攻擊的目標。
3．以逸待勞：作戰時養精蓄銳，等敵方疲憊時再予以攻擊。"
556,指豪放而不受拘束。,華而不實,高談闊論,放蕩不羈,飛揚跋扈,C,"1．華而不實：比喻虛浮而不切實際。
2．高談闊論：比喻暢快而無拘束地談論。
4．飛揚跋扈：形容態度蠻橫放縱，不受約束。"
557,互相勾結做壞事。,姑息養奸,明目張膽,朋比為奸,見義勇為,C,"1．姑息養奸：指過分縱容，助長壞人壞事。
2．明目張膽：比喻肆無忌憚地公然做壞事。
4．見義勇為：見到合乎正義的事，就奮勇去做。"
558,比喻引用對方的論點或材料，反過來駁斥對方。,將計就計,入室操戈,反脣相稽,信手拈來,B,"1．將計就計：利用對方的計策，順水推舟，反施其計。
3．反脣相稽：受到指責不服氣，反過來對對方加以計較、譏斥。
4．信手拈來：隨手引用材料，自如而不費力。"
559,形容人頭髮散亂、面容骯髒的樣子。,拋頭露面,青面獠牙,千頭萬緒,蓬頭垢面,D,"1．拋頭露面：泛指出現在大眾面前。
2．青面獠牙：形容面容非常凶惡可怕。
3．千頭萬緒：形容事情雜亂，頭緒紛繁，難以處理。"
560,隱藏他人的惡行，宣揚他人的善行。,口誅筆伐,隱惡揚善,虛懷若谷,平易近人,B,"1．口誅筆伐：用言語和文字來揭發、譴責他人的罪狀。
3．虛懷若谷：形容為人謙虛，能接納他人的意見。
4．平易近人：形容態度和藹親切，容易接近。"
561,再三命令告誡。,舉一反三,三令五申,韋編三絕,三人成虎,B,"1．舉一反三：形容人於學習中善於觸類旁通。
3．韋編三絕：比喻讀書勤奮，反覆研讀以致編書的皮繩多次斷裂。
4．三人成虎：比喻謠言再三重複，亦能使人信以為真。"
562,比喻一個人嘴上說得好聽，事實上卻內心險惡，處處想陷害別人。,天花亂墜,言過其實,含沙射影,口蜜腹劍,D,"1．天花亂墜：形容說話動聽，或浮誇不切實際。
2．言過其實：指言辭虛妄誇大，與事實不相符。
3．含沙射影：比喻間接地詆毀、陷害別人。"
563,比喻有益的勸告雖然不好聽，卻有助於改正過失。,良藥苦口,目不見睫,文過飾非,改過自新,A,"2．目不見睫：比喻人無自知之明，不能看見自己的過失。
3．文過飾非：掩飾過失、錯誤。
4．改過自新：改正過失，重新作人。"
564,比喻事情極容易辦到。,難能可貴,海底撈針,瓜田李下,探囊取物,D,"1．難能可貴：指做到了不容易做到的事，所以特別可貴。
2．海底撈針：比喻東西很難找到或事情很難做到。
3．瓜田李下：比喻容易引起懷疑的場合。"
565,聚合眾人的智慧和能力。,無能為力,未卜先知,群策群力,人定勝天,C,"1．無能為力：指沒有能力做好某事。
2．未卜先知：形容有預知未來的能力。
4．人定勝天：形容人的智慧和力量，能夠克服自然阻礙，改造環境。"
566,轉化危險為平安。,履險如夷,岌岌可危,安然無恙,化險為夷,D,"1．履險如夷：比喻人在艱難危險之中，能沉著應付，安然度過。
2．岌岌可危：形容非常危險。
3．安然無恙：平安沒有疾病、禍患等事故。"
567,比喻人在艱難危險之中，能沉著應付，安然度過。,盲人瞎馬,千鈞一髮,化險為夷,履險如夷,D,"1．盲人瞎馬：比喻茫然不知處境極為危險。
2．千鈞一髮：比喻非常危險。
3．化險為夷：轉化危險為平安。"
568,比喻兄弟不睦或內部的爭鬥。,鉤心鬥角,難兄難弟,短兵相接,同室操戈,D,"1．鉤心鬥角：比喻暗中互相算計、爭鬥。
2．難兄難弟：稱讚兄弟才德相當，難分高下。
3．短兵相接：比喻近距離激烈地搏打、爭鬥。"
569,比喻疏略，做事不細密。,對牛彈琴,一絲不苟,虛應故事,粗枝大葉,D,"1．對牛彈琴：比喻講話、做事不看對象。
2．一絲不苟：形容做事認真，一點也不馬虎。
3．虛應故事：形容做事不認真，敷衍了事。"
570,比喻反覆無常，或玩弄手段。,爾虞我詐,世態炎涼,上下其手,翻雲覆雨,D,"1．爾虞我詐：形容人與人之間的互相猜疑，玩弄欺騙手段。
2．世態炎涼：比喻世俗情態反覆無常。
3．上下其手：比喻玩弄手段，暗中作弊。"
571,比喻原先不明白的道理，忽然領悟清楚。,一目了然,溫故知新,涇渭分明,豁然開朗,D,"1．一目了然：看一眼就完全清楚明白。
2．溫故知新：複習學過的課業，而能領悟出新的道理。
3．涇渭分明：比喻彼此的區別非常清楚。"
572,扭轉亂象，歸於正道。,良藥苦口,改邪歸正,撥亂反正,正本清源,C,"1．良藥苦口：比喻有益的勸告雖然不好聽，卻有助於改正過失。
2．改邪歸正：指改正錯誤的行為，返回正途。
4．正本清源：比喻澈底改革以解決問題。"
573,比喻強者欺凌、吞併弱者。,外強中乾,群龍無首,弱肉強食,興師問罪,C,"1．外強中乾：比喻事物看似充實強盛，實則空虛衰弱。
2．群龍無首：比喻一群人中缺乏領導者。
4．興師問罪：出兵討伐有罪者。"
574,指不墨守常規，根據實際情況作適當的處置。,道聽塗說,胡思亂想,削足適履,通權達變,D,"1．道聽塗說：泛指沒有經過證實、缺乏根據的話。
2．胡思亂想：指不切實際地妄想。
3．削足適履：比喻不顧實際情況，勉強遷就既有的規格或成例。"
575,形容人極度驚慌或精神恍惚、失其主宰。,失魂落魄,風聲鶴唳,專心致志,聲淚俱下,A,"2．風聲鶴唳：形容驚慌疑懼，自相侵擾。
3．專心致志：專一心思，集中精神。
4．聲淚俱下：形容極度悲慟、激動。"
576,比喻事態正在蓬勃發展。,來日方長,物極必反,方興未艾,聽天由命,C,"1．來日方長：將來的日子還很長，指事情未來還有發展或變化。
2．物極必反：事物發展到極點，必然會轉向發展。
4．聽天由命：形容任憑天意及命運而自然發展。"
577,比喻相互對立，不相上下。,同病相憐,文不對題,針鋒相對,相形見絀,C,"1．同病相憐：有同樣不幸遭遇的人互相同情。
2．文不對題：文章內容和題目不相符合。
4．相形見絀：相互比較之下，其中一方顯得不如對方。"
578,形容處事圓滑，能巧妙地應付各方面。,小巧玲瓏,綽綽有餘,獨當一面,八面玲瓏,D,"1．小巧玲瓏：形容極細緻精巧。
2．綽綽有餘：形容各方面非常寬裕，足以應付所需。
3．獨當一面：獨力擔當某一方面的重任。"
579,指平常人家年輕貌美的少女。,返老還童,孺子可教,小家碧玉,老蚌生珠,C,"1．返老還童：形容年紀雖大，卻像年輕人一樣精力充沛。
2．孺子可教：指年輕人可以教誨裁培。
4．老蚌生珠：比喻年老得子，或稱高齡的女性產下子女。使用上常帶有戲謔的性質。"
580,一味地嚮往高遠的目標而不切實際。,天花亂墜,好大喜功,好高騖遠,畫餅充飢,C,"1．天花亂墜：形容說話動聽，或浮誇不切實際。
2．好大喜功：指行事作風鋪張浮誇，不切實際。
4．畫餅充飢：比喻徒具虛名而無益於實際。"
581,貪圖安逸而不願勞動。,苟且偷安,好逸惡勞,一勞永逸,諱疾忌醫,B,"1．苟且偷安：形容得過且過，只圖眼前安逸，不顧將來。
3．一勞永逸：經過一次的勞苦，就能獲得永久的安逸。
4．諱疾忌醫：比喻掩飾過失而不願聽人規勸。"
582,形容說話從容不迫的樣子。,食言而肥,一言九鼎,三緘其口,侃侃而談,D,"1．食言而肥：比喻經常說話都不守信用。
2．一言九鼎：形容說話很有分量。
3．三緘其口：說話謹慎或不說話。"
583,以特別的眼光或態度相待，以示重視或歧視。,冷眼旁觀,解衣推食,改弦易轍,另眼相看,D,"1．冷眼旁觀：以冷淡或冷靜的態度在旁觀看，不介入其事。
2．解衣推食：將衣食贈送他人，以示關懷之意。
3．改弦易轍：比喻改變制度、做法或態度。"
584,稱讚兄弟才德相當，難分高下。,同室操戈,因材施教,難兄難弟,針鋒相對,C,"1．同室操戈：比喻兄弟不睦或內部的爭鬥。
2．因材施教：依據受教者不同的資質與能力，給予適合的教導。
4．針鋒相對：比喻相互對立，不相上下。"
585,比喻事物在某一時期後大量湧現，迅速發展。,物極必反,拭目以待,聽天由命,雨後春筍,D,"1．物極必反：事物發展到極點，必然會轉向發展。
2．拭目以待：比喻期待事情的發展及結果。
3．聽天由命：形容任憑天意及命運而自然發展。"
586,比喻非常快樂，無憂無慮的生活環境。或用來指死者往生的地方。,高枕無憂,極樂世界,樂不可支,安居樂業,B,"1．高枕無憂：形容身心安適，無憂無慮。
3．樂不可支：形容快樂到了極點。
4．安居樂業：人民生活安定和樂，且喜好自己的工作。"
587,比喻夫妻相敬如賓。,勞燕分飛,舉案齊眉,白頭偕老,牛衣對泣,B,"1．勞燕分飛：比喻別離，多用於夫妻、情人之間。
3．白頭偕老：形容夫妻恩愛到老。
4．牛衣對泣：比喻夫妻共度貧困的生活。"
588,堅持錯誤的觀念而不醒悟。,執迷不悟,鍥而不舍,牢不可破,改邪歸正,A,"2．鍥而不舍：比喻有恆心毅力，堅持到底不懈怠。
3．牢不可破：形容事情或觀念已經固定，難以改變。
4．改邪歸正：指改正錯誤的行為，返回正途。"
589,愚昧頑固而不通靈性。,刻舟求劍,冥頑不靈,不辨菽麥,剛愎自用,B,"1．刻舟求劍：比喻拘泥固執，不知變通。
3．不辨菽麥：形容愚昧無知與缺乏常識。
4．剛愎自用：形容性情倔強，固執己見。"
590,比喻同時採用兩種辦法來做事。,束手待斃,雙管齊下,一籌莫展,對症下藥,B,"1．束手待斃：比喻危難時不想辦法解決，坐等敗亡。
3．一籌莫展：比喻毫無辦法。
4．對症下藥：比喻針對問題的癥結，採取有效的解決方法。"
591,指陰謀或非法勾當敗漏。,東窗事發,暴虎馮河,意氣用事,草草了事,A,"2．暴虎馮河：比喻人有勇而無謀。
3．意氣用事：處理事務但憑情緒，缺乏理智。
4．草草了事：指匆忙隨便地解決事情。"
592,糾正偏差超過適切程度，反而不符合中庸之道。,勢均力敵,正中下懷,不合時宜,矯枉過正,D,"1．勢均力敵：指雙方力量情勢相當，不分上下。
2．正中下懷：形容恰好符合自己的心意。
3．不合時宜：不符合時勢趨尚。"
593,指故意在人多的地方炫耀自己，以引人注意。,彈丸之地,大庭廣眾,招搖撞騙,招搖過市,D,"1．彈丸之地：比喻狹小的地方。
2．大庭廣眾：公開而人多的場合。
3．招搖撞騙：形容借名炫耀，到處詐騙。"
594,比喻夫妻離散或情感決裂後重新團圓合好。,勞燕分飛,破鏡重圓,人去樓空,重整旗鼓,B,"1．勞燕分飛：比喻別離，多用於夫妻、情人之間。
3．人去樓空：表示舊地重遊時人事已非，或對故人的思念。
4．重整旗鼓：比喻失敗後積聚力量，重新行動。"
595,比喻人同處於困境，而互相以微力救助。,相濡以沫,揚湯止沸,生靈塗炭,困獸猶鬥,A,"2．揚湯止沸：比喻暫時紓解困境，無法根本解決問題。
3．生靈塗炭：形容人民處於極端艱苦的困境。
4．困獸猶鬥：比喻處於絕境，仍然奮力抵抗。"
596,形容在極短的時間內變化迅速。,雷厲風行,瞬息萬變,日月如梭,一朝一夕,B,"1．雷厲風行：比喻人行事嚴格迅速。
3．日月如梭：形容時光消逝迅速。
4．一朝一夕：形容時間短暫。"
597,比喻對事情很熟悉，做起來很輕鬆。,老馬識途,如釋重負,駕輕就熟,耳熟能詳,C,"1．老馬識途：比喻有經驗的人對情況比較熟悉，容易把工作做好。
2．如釋重負：像放下重擔那樣輕鬆。
4．耳熟能詳：聽得非常熟悉，而能詳盡地知道或說出來。"
598,看見眼前景象而引發內心種種情緒。,落花流水,車水馬龍,觸景生情,火樹銀花,C,"1．落花流水：形容暮春殘敗的景象。
2．車水馬龍：形容繁華熱鬧的景象。
4．火樹銀花：形容燈火通明燦爛的景象。"
599,形容一個人容貌秀美，內心聰慧。,笑裡藏刀,秀外慧中,沉魚落雁,世外桃源,B,"1．笑裡藏刀：比喻人外貌和善可親，內心卻陰險狠毒。
3．沉魚落雁：形容女子容貌美麗出眾。
4．世外桃源：比喻風景優美而人跡罕至的地方。"
600,比喻中途退縮放棄。,義無反顧,急流勇退,半路出家,打退堂鼓,D,"1．義無反顧：秉持正義，勇往直前，絕不退縮。
2．急流勇退：比喻在仕途順遂、地位得意時，及早引退。
3．半路出家：比喻中途改行，從事原先不熟悉的工作。"
601,比喻蹈襲他人的言論或主張。,暮鼓晨鐘,言之有物,空谷足音,拾人牙慧,D,"1．暮鼓晨鐘：比喻能使人警醒、受到啟發的言論或力量。
2．言之有物：指言論或文章有根據、有內容。
3．空谷足音：比喻難得的人物、言論或事物。"
602,比喻費盡心思，用盡心血。,嘔心瀝血,茅塞頓開,專心致志,心不在焉,A,"2．茅塞頓開：比喻閉塞的心思，頓時豁然醒悟。
3．專心致志：專一心思，集中精神。
4．心不在焉：比喻心思不集中。"
603,形容人殘忍可惡到了極點。,七竅生煙,荒謬絕倫,喪心病狂,忍無可忍,C,"1．七竅生煙：形容焦急或氣憤到了極點。
2．荒謬絕倫：形容荒唐、錯誤到了極點。
4．忍無可忍：忍耐到了極點，無法再忍受。"
604,形容狂妄非分之心或遠大的企圖。,鴻鵠之志,野心勃勃,妄自尊大,東食西宿,B,"1．鴻鵠之志：比喻志向遠大。
3．妄自尊大：狂妄地自尊自大。
4．東食西宿：比喻企圖兼有兩利，貪得無厭。"
605,事情改變原有的狀況而顯得更加嚴重。,變本加厲,瞭如指掌,天翻地覆,脫胎換骨,A,"2．瞭如指掌：比喻對事情的狀況了解得非常清楚。
3．天翻地覆：形容巨大地改變原有的情狀。
4．脫胎換骨：比喻澈底改變。"
606,形容無路可走，處於十分窮困的境況。,生靈塗炭,柳暗花明,窮途末路,進退維谷,C,"1．生靈塗炭：形容人民處於極端艱苦的困境。
2．柳暗花明：比喻困境中出現新的轉機或希望。
4．進退維谷：形容前進後退都無路可走的處境。"
607,事情過了，環境也已改變。,一成不變,事過境遷,木已成舟,脫胎換骨,B,"1．一成不變：事情既定之後，從不改變。
3．木已成舟：比喻已成事實，無法改變。
4．脫胎換骨：比喻澈底改變。"
608,用言語和文字來揭發、譴責他人的罪狀。,罄竹難書,開宗明義,口誅筆伐,旁敲側擊,C,"1．罄竹難書：形容罪狀極多。
2．開宗明義：說話或寫文章一開始就揭明主旨綱要。
4．旁敲側擊：說話或寫文章不從正面直接說，而是用從旁比喻或暗示來表達。"
609,形容零散的樣子。,七零八落,四通八達,五花八門,星羅棋布,A,"2．四通八達：四方相通的道路。
3．五花八門：比喻花樣繁多，變化多端。
4．星羅棋布：形容布列繁密。"
610,比喻以親身經歷為例證，來說明道理或勸導別人。,現身說法,好為人師,心照不宣,身體力行,A,"2．好為人師：指人自以為是，喜歡教導別人。
3．心照不宣：彼此心裡明白，不必言語說明。
4．身體力行：指親身努力實踐。"
611,形容政治清明，德澤風行。,近悅遠來,呼風喚雨,光天化日,滿城風雨,A,"2．呼風喚雨：指人有召喚風雨的法力。
3．光天化日：指政治清明的太平盛世。
4．滿城風雨：形容到處颳風下雨的景象。"
612,比喻起義舉事。,昭然若揭,揭竿而起,三思而行,同流合汙,B,"1．昭然若揭：形容含義或真相非常清楚，顯而易見。
3．三思而行：比喻謹慎行事。
4．同流合汙：跟壞人一起做壞事。"
613,比喻貪得無厭。,逃之夭夭,深惡痛絕,得寸進尺,情不自禁,C,"1．逃之夭夭：形容逃跑得無影無蹤。
2．深惡痛絕：厭惡、痛恨到極點。
4．情不自禁：感情激動得無法自我控制。"
614,比喻向無知的人求教。,銳不可當,不恥下問,本末倒置,問道於盲,D,"1．銳不可當：形容氣勢威猛，所向無敵。
2．不恥下問：不以向身分較低微或是學問較自己淺陋的人求教為羞恥。
3．本末倒置：比喻不知事情的輕重緩急。"
615,自己應盡的責任，沒有理由推卸。,無懈可擊,責無旁貸,敷衍塞責,席不暇暖,B,"1．無懈可擊：形容非常嚴密，沒有缺失。
3．敷衍塞責：形容做事不認真負責，只是表面應付。
4．席不暇暖：形容奔走極為忙碌，沒有休息的時候。"
616,掩飾過失、錯誤。,文過飾非,鑄成大錯,荒謬絕倫,欲蓋彌彰,A,"2．鑄成大錯：比喻造成重大的錯誤。
3．荒謬絕倫：形容荒唐、錯誤到了極點。
4．欲蓋彌彰：形容想要掩飾過失，反而使過失更加顯明。"
617,比喻仇人相遇。,肝膽相照,相敬如賓,親痛仇快,狹路相逢,D,"1．肝膽相照：比喻赤忱相處。
2．相敬如賓：形容夫妻間相處融洽，互相敬愛。
3．親痛仇快：一個人因行為失當，而使親人痛心，仇人稱快。"
618,比喻自命清高，自我欣賞。,孤芳自賞,拍案叫絕,毛遂自薦,反求諸己,A,"2．拍案叫絕：形容非常讚賞。
3．毛遂自薦：比喻自告奮勇，自我推薦。
4．反求諸己：從自己本身找出原因，自我反省。"
619,形容沉溺於某樣事物，因而荒廢了應做的事。,借題發揮,當務之急,玩物喪志,逼上梁山,C,"1．借題發揮：假借某事為題，表達自己真正的意思，或想做的事。
2．當務之急：當前最急迫要做的事。
4．逼上梁山：比喻被迫走上絕路，而做出自己不想做或不應做的事。"
620,誓言盟約如山海般堅固持久，永恆不變。,安如泰山,氣壯山河,海誓山盟,壽比南山,C,"1．安如泰山：形容安定穩固如泰山一般，不可動搖。
2．氣壯山河：形容氣勢如高山大河般雄壯豪邁。
4．壽比南山：壽命如終南山那樣長久。為祝人長壽之辭。"
621,比喻對事情的狀況了解得非常清楚。,涇渭分明,一言難盡,瞭如指掌,變本加厲,C,"1．涇渭分明：比喻彼此的區別非常清楚。
2．一言難盡：事情非常複雜，無法用簡單的話把它說得清楚。
4．變本加厲：事情改變原有的狀況而顯得更加嚴重。"
622,比喻做事能勝任愉快，從容不迫。,暢所欲言,遊刃有餘,樂而忘返,樂不可支,B,"1．暢所欲言：痛痛快快、毫無顧忌地把想說的話全部講出來。
3．樂而忘返：指快樂得忘了回去。
4．樂不可支：形容快樂到了極點。"
623,形容吃驚、受窘的樣子。,草木皆兵,觸目驚心,耳目一新,瞠目結舌,D,"1．草木皆兵：形容疑神疑鬼、驚恐不安。
2．觸目驚心：形容事情景況，令人震驚。
3．耳目一新：形容所見所聞都有一種新奇、清新的感覺。"
624,比喻志向遠大，勇往直前，不畏艱難。,義無反顧,乘風破浪,裹足不前,鵬程萬里,B,"1．義無反顧：秉持正義，勇往直前，絕不退縮。
3．裹足不前：形容有所顧忌，而停止腳步，不敢向前。
4．鵬程萬里：比喻前程遠大，不可限量。"
625,比喻所做的事或所說的話毫無根據，憑空揣測。,暢所欲言,捕風捉影,風平浪靜,名正言順,B,"1．暢所欲言：痛痛快快、毫無顧忌地把想說的話全部講出來。
3．風平浪靜：比喻平靜無事或情勢穩定。
4．名正言順：指所做的事正當而合理，不容置疑。"
626,指離開故鄉，在外地生活。,錦衣玉食,離鄉背井,仰人鼻息,牛衣對泣,B,"1．錦衣玉食：形容豪華奢侈的生活。
3．仰人鼻息：比喻依靠他人生活。
4．牛衣對泣：比喻夫妻共度貧困的生活。"
627,言辭簡單而意思完備。,三言兩語,言簡意賅,言過其實,脣槍舌劍,B,"1．三言兩語：形容言語簡短。
3．言過其實：指言辭虛妄誇大，與事實不相符。
4．脣槍舌劍：比喻辯論激烈，言辭犀利。"
628,比喻預先規劃以應付意外、解決危急的有效方法。,束手無策,對症下藥,排難解紛,錦囊妙計,D,"1．束手無策：比喻面對問題時，毫無解決的辦法。
2．對症下藥：比喻針對問題的癥結，採取有效的解決方法。
3．排難解紛：指排除危難，解決紛爭。"
629,比喻依靠他人生活。,錦衣玉食,離鄉背井,牛衣對泣,仰人鼻息,D,"1．錦衣玉食：形容豪華奢侈的生活。
2．離鄉背井：指離開故鄉，在外地生活。
3．牛衣對泣：比喻夫妻共度貧困的生活。"
630,事物發展到極點，必然會轉向發展。,蒸蒸日上,因勢利導,物極必反,圖窮匕見,C,"1．蒸蒸日上：形容事物不斷地進步發展。
2．因勢利導：順著事物發展的趨勢，朝有利的方向引導。
4．圖窮匕見：比喻事情發展到最後，形跡敗露，現出真相。"
631,形容徒勞無功。,枉費心機,旗開得勝,汗馬功勞,瓜熟蒂落,A,"2．旗開得勝：比喻事情才一開始就獲得成功。
3．汗馬功勞：指征戰的功勞，亦泛指一般的功勞。
4．瓜熟蒂落：比喻時機成熟，事情自然成功。"
632,比喻赤忱相處。,一見如故,肝膽相照,相敬如賓,狹路相逢,B,"1．一見如故：初次見面就相處融洽，如同老朋友一般。
3．相敬如賓：形容夫妻間相處融洽，互相敬愛。
4．狹路相逢：比喻仇人相遇。"
633,計畫周密而慮事深遠。,輕舉妄動,不假思索,深謀遠慮,發人深省,C,"1．輕舉妄動：形容未經慎重考慮，輕率地採取行動。
2．不假思索：指不經過思考探求，立即做出反應。
4．發人深省：啟發人深刻思考而有所醒悟。"
634,比喻不按照情理行事。,倒行逆施,我行我素,順水推舟,三思而行,A,"2．我行我素：形容人不受外界影響，仍然依照自己的心意行事。
3．順水推舟：比喻順應情勢行事。
4．三思而行：比喻謹慎行事。"
635,比喻暢快而無拘束地談論。,高談闊論,紙上談兵,竊竊私語,街談巷議,A,"2．紙上談兵：比喻不切實際的議論。
3．竊竊私語：指私下低聲談論。
4．街談巷議：大街小巷中的談說議論。"
636,形容分散而不完整、不團結。,平分秋色,眾志成城,四分五裂,不三不四,C,"1．平分秋色：形容二者一樣出色，分不出高下。
2．眾志成城：比喻團結一致，同心協力。
4．不三不四：指不正經、不像樣。"
637,比喻別離，多用於夫妻、情人之間。,破鏡重圓,白頭偕老,勞燕分飛,舉案齊眉,C,"1．破鏡重圓：比喻夫妻離散或情感決裂後重新團圓合好。
2．白頭偕老：形容夫妻恩愛到老。
4．舉案齊眉：比喻夫妻相敬如賓。"
638,猛然醒悟過來。,恍然大悟,當頭棒喝,執迷不悟,大惑不解,A,"2．當頭棒喝：比喻使人立即醒悟的警示。
3．執迷不悟：堅持錯誤的觀念而不醒悟。
4．大惑不解：指對事物感到非常疑惑，無法了解。"
639,比喻所謀者與對方有利害衝突，事情必辦不成。,暴虎馮河,事在人為,與虎謀皮,出奇制勝,C,"1．暴虎馮河：比喻人有勇而無謀。
2．事在人為：事情的成功與否決定於人的努力。
4．出奇制勝：發奇兵或用奇計制敵而獲勝。"
640,表示不記仇恨，反以恩德回報他人。,歌功頌德,平易近人,以德報怨,一視同仁,C,"1．歌功頌德：歌頌功績和恩德。
2．平易近人：形容態度和藹親切，容易接近。
4．一視同仁：指平等待人，不分親疏厚薄。"
641,形容事物不斷地進步發展。,紛至沓來,物極必反,目不暇給,蒸蒸日上,D,"1．紛至沓來：形容事物紛紛不斷地到來。
2．物極必反：事物發展到極點，必然會轉向發展。
3．目不暇給：形容眼前美好事物不斷或景物變化太快，讓人來不及觀賞。"
642,形容事物非常微小。,蛛絲馬跡,立錐之地,微乎其微,不勝枚舉,C,"1．蛛絲馬跡：比喻可供尋查推求的細微線索。
2．立錐之地：比喻極微小的地方。
4．不勝枚舉：事物太多，不能一一舉出。"
643,形容受傷慘重。,體無完膚,雪上加霜,患得患失,安然無恙,A,"2．雪上加霜：比喻禍患接踵而至，使傷害加重。
3．患得患失：形容人的得失心很重。
4．安然無恙：平安沒有疾病、禍患等事故。"
644,比喻言語或行動沒有目的。,捷足先登,無的放矢,欲速不達,自相矛盾,B,"1．捷足先登：比喻行動最快者先達到目的。
3．欲速不達：想要求快，反而不能達到目的。
4．自相矛盾：比喻言語或行事前後無法呼應，互相牴觸。"
645,形容為人謙虛，能接納他人的意見。,自以為是,從善如流,隨聲附和,虛懷若谷,D,"1．自以為是：自認觀點與做法皆正確，不肯虛心接受別人意見。
2．從善如流：比喻樂於接受別人好的意見。
3．隨聲附和：自己沒有主見，只迎合他人的意見。"
646,以冷淡或冷靜的態度在旁觀看，不介入其事。,不動聲色,冷眼旁觀,平心靜氣,另眼相看,B,"1．不動聲色：形容人遇事不張揚的冷靜態度。
3．平心靜氣：形容心情平和，態度冷靜。
4．另眼相看：以特別的眼光或態度相待，以示重視或歧視。"
647,比喻情勢非常急迫。,騎虎難下,順水推舟,侃侃而談,火燒眉毛,D,"1．騎虎難下：比喻事情迫於情勢，無法中止，只好繼續做下去。
2．順水推舟：比喻順應情勢行事。
3．侃侃而談：形容說話從容不迫的樣子。"
648,比喻兩者相爭，俱受損傷。,爭先恐後,息事寧人,兩敗俱傷,損人利己,C,"1．爭先恐後：指競相爭先，惟恐落後。
2．息事寧人：指平息紛爭，以使彼此相安。
4．損人利己：使別人蒙受損失而讓自己得到利益。"
649,比喻專心恭敬的聆聽。,充耳不聞,洗耳恭聽,肅然起敬,鞠躬盡瘁,B,"1．充耳不聞：形容拒絕或不願聽取別人意見。
3．肅然起敬：因受感動而莊嚴地興起欽佩恭敬之心。
4．鞠躬盡瘁：比喻恭敬謹慎，不辭勞病地貢獻心力。"
650,形容文字通俗明白，淺顯易懂。,魯魚亥豕,下里巴人,老嫗能解,心照不宣,C,"1．魯魚亥豕：指因文字形似而致傳寫或刊刻錯誤。
2．下里巴人：後泛指通俗的文學藝術。
4．心照不宣：彼此心裡明白，不必言語說明。"
651,比喻任意取求，需索無度。,胡作非為,草菅人命,求全責備,予取予求,D,"1．胡作非為：指不顧法紀或不講道理的任意妄為。
2．草菅人命：比喻輕視人命，任意加以殘害。
3．求全責備：指對人或事要求完美無缺。"
652,形容自得自滿的樣子。,作法自斃,妄自尊大,沾沾自喜,唾面自乾,C,"1．作法自斃：比喻自作自受。
2．妄自尊大：狂妄地自尊自大。
4．唾面自乾：比喻逆來順受，寬容忍讓。"
653,比喻澈底改革以解決問題。,迎刃而解,脫胎換骨,正本清源,揚湯止沸,C,"1．迎刃而解：比喻主要問題解決後，其他相關問題也就容易解決。
2．脫胎換骨：比喻澈底改變。
4．揚湯止沸：比喻暫時紓解困境，無法根本解決問題。"
654,謂據已知事物的認識與理解，進而通達對其他類似事物的認知。,觸類旁通,一葉知秋,盡善盡美,豁然貫通,A,"2．一葉知秋：比喻由細微的徵兆，可推知事物的演變和趨勢。
3．盡善盡美：形容事物的完善美滿已達極限。
4．豁然貫通：因對事理領悟通曉，而能全盤理解。"
655,比喻被迫走上絕路，而做出自己不想做或不應做的事。,玩物喪志,逼上梁山,當務之急,借題發揮,B,"1．玩物喪志：形容沉溺於某樣事物，因而荒廢了應做的事。
3．當務之急：當前最急迫要做的事。
4．借題發揮：假借某事為題，表達自己真正的意思，或想做的事。"
656,指人有召喚風雨的法力。,春風化雨,呼風喚雨,滿城風雨,風調雨順,B,"1．春風化雨：指適合草木生長的和風及雨水。
3．滿城風雨：形容到處颳風下雨的景象。
4．風調雨順：風雨及時而適量。形容豐年安樂，天下太平的景象。"
657,大肚子顯得肥胖而凸出的樣子。,大腹便便,入不敷出,骨瘦如柴,變本加厲,A,"2．入不敷出：收入不夠支出。
3．骨瘦如柴：形容非常消瘦的樣子。
4．變本加厲：事情改變原有的狀況而顯得更加嚴重。"
658,遲疑不定，無法拿定主意。,六神無主,反覆無常,不得要領,猶豫不決,D,"1．六神無主：形容心慌意亂，拿不定主意。
2．反覆無常：形容變動不定，沒有定準。
3．不得要領：無法掌握要點或主旨。"
659,指令人感到驚訝，不可思議的事情。,觸目驚心,喜出望外,賓至如歸,咄咄怪事,D,"1．觸目驚心：形容事情景況，令人震驚。
2．喜出望外：因意想不到的事感到欣喜。
3．賓至如歸：形容主人招待周到親切，使客人感到滿意。"
660,形容不講究衣飾儀容。,橫行霸道,方枘圓鑿,不著邊際,不修邊幅,D,"1．橫行霸道：形容凶橫不講理。
2．方枘圓鑿：比喻不能相容。
3．不著邊際：比喻言論空泛或想法不切實際。"
661,形容夫妻恩愛到老。,舉案齊眉,牛衣對泣,勞燕分飛,白頭偕老,D,"1．舉案齊眉：比喻夫妻相敬如賓。
2．牛衣對泣：比喻夫妻共度貧困的生活。
3．勞燕分飛：比喻別離，多用於夫妻、情人之間。"
662,比喻志向遠大。,尺幅千里,高瞻遠矚,鴻鵠之志,有志竟成,C,"1．尺幅千里：指篇幅雖短而內容豐富，氣勢遠大。
2．高瞻遠矚：形容見識遠大。
4．有志竟成：立定志向去做，終必成功。"
663,比喻有怪癖，或嗜好異於常人的人。,漏網之魚,井底之蛙,逐臭之夫,害群之馬,C,"1．漏網之魚：比喻僥倖逃脫法網的人。
2．井底之蛙：比喻見識淺薄的人。
4．害群之馬：比喻危害大眾的人。"
664,指篇幅雖短而內容豐富，氣勢遠大。,倚老賣老,包羅萬象,滿腹經綸,尺幅千里,D,"1．倚老賣老：自以為年紀大，閱歷豐富，而看不起別人。
2．包羅萬象：形容內容豐富，應有盡有。
3．滿腹經綸：形容才識豐富，具有處理大事的才能。"
665,輕易答應別人的請求，卻很少實踐諾言。,輕諾寡信,口蜜腹劍,避重就輕,一諾千金,A,"2．口蜜腹劍：比喻一個人嘴上說得好聽，事實上卻內心險惡，處處想陷害別人。
3．避重就輕：避開艱難繁重的工作，而選擇輕鬆容易的。
4．一諾千金：形容信守承諾，說話算數。"
666,比喻人等待良機，為世所用。,迫不及待,推心置腹,待價而沽,一視同仁,C,"1．迫不及待：形容心情急切，不願等待。
2．推心置腹：比喻以至誠待人。
4．一視同仁：指平等待人，不分親疏厚薄。"
667,比喻危急時，投入全部力量，作最後的冒險。,一網打盡,奄奄一息,千鈞一髮,孤注一擲,D,"1．一網打盡：用網子全部抓住。
2．奄奄一息：形容生命已到了最後時刻。
3．千鈞一髮：比喻非常危險。"
668,指手中空無一物。,空谷足音,赤手空拳,順手牽羊,妙手空空,B,"1．空谷足音：比喻難得的人物、言論或事物。
3．順手牽羊：比喻乘機順便取走他人財物。
4．妙手空空：小偷、扒手的稱呼。"
669,形容就要掉下來或就要垮臺的樣子。,搖搖欲墜,欲擒故縱,安如泰山,欲罷不能,A,"2．欲擒故縱：為了要使對方就範，故意先放鬆一步。
3．安如泰山：形容安定穩固如泰山一般，不可動搖。
4．欲罷不能：想要停止卻做不到。"
670,形容笑容滿面的樣子。,名列前茅,不苟言笑,付之一笑,笑容可掬,D,"1．名列前茅：比喻成績優異，名次排在前面。
2．不苟言笑：不隨便談笑，態度嚴肅。
3．付之一笑：毫不在意，一笑置之。"
671,利用對方的計策，順水推舟，反施其計。,入室操戈,權宜之計,神機妙算,將計就計,D,"1．入室操戈：比喻引用對方的論點或材料，反過來駁斥對方。
2．權宜之計：因應某種時機而暫用的計謀。
3．神機妙算：形容計策高明、預料準確。"
672,形容人精明老練，計慮深遠。,老謀深算,壯志凌雲,老氣橫秋,老成持重,A,"2．壯志凌雲：形容志氣高遠。
3．老氣橫秋：形容人老練而自負的神態。
4．老成持重：形容人成熟老練，處事沉著穩重。"
673,形容各走各的路。,同床異夢,分道揚鑣,揚眉吐氣,康莊大道,B,"1．同床異夢：比喻共同生活或一起做事的人意見不同，各有各的打算。
3．揚眉吐氣：形容擺脫長期壓抑後的暢快神情。
4．康莊大道：比喻平坦順利、前景光明的道路。"
674,比喻能夠長期擔負重責大任。,負重致遠,任勞任怨,責無旁貸,忍辱負重,A,"2．任勞任怨：形容人做事熱心負責，不辭勞苦，不怕嫌怨。
3．責無旁貸：自己應盡的責任，沒有理由推卸。
4．忍辱負重：忍受屈辱怨謗而承擔重任。"
675,對過去的錯誤不再追究責難。,執迷不悟,既往不咎,動輒得咎,鑄成大錯,B,"1．執迷不悟：堅持錯誤的觀念而不醒悟。
3．動輒得咎：形容人處境困難，極易受到責難。
4．鑄成大錯：比喻造成重大的錯誤。"
676,比喻依附他人生活，不能自立。,簞食瓢飲,寄人籬下,豐衣足食,民不聊生,B,"1．簞食瓢飲：比喻生活簡單、清苦。
3．豐衣足食：形容生活富裕。
4．民不聊生：形容百姓生活非常困苦。"
677,指從小就相識的同伴。,形單影隻,青梅竹馬,馬首是瞻,一見如故,B,"1．形單影隻：形容孤單無伴。
3．馬首是瞻：比喻服從指揮或跟隨他人進退。
4．一見如故：初次見面就相處融洽，如同老朋友一般。"
678,各依自己的主張行事，不顧全整體。,一孔之見,各自為政,心無二用,奮不顧身,B,"1．一孔之見：比喻人的見識狹隘淺薄，無法通曉整體。
3．心無二用：指專注做某事，不分心。
4．奮不顧身：奮勇向前，不顧生死。"
679,壽命如終南山那樣長久。為祝人長壽之辭。,延年益壽,行將就木,壽比南山,弄瓦之喜,C,"1．延年益壽：拉長歲數，增加壽命。
2．行將就木：指年紀已大，壽命將盡。
4．弄瓦之喜：祝賀人生女之辭。"
680,比喻用錯方法，徒勞無功。,緣木求魚,得魚忘筌,不二法門,抱薪救火,A,"2．得魚忘筌：比喻人在達到目的成功後就忘掉賴以成功的手段或憑藉物。
3．不二法門：比喻唯一的方法或途徑。
4．抱薪救火：比喻用錯方法，而致禍害加深。"
681,以虛張聲勢，來轉移對方的注意力。,羊質虎皮,名不虛傳,目不轉睛,聲東擊西,D,"1．羊質虎皮：比喻虛有其表。
2．名不虛傳：名聲與實際相符，而非徒有虛名。
3．目不轉睛：形容凝神注視，注意力高度集中。"
682,比喻困境中出現新的轉機或希望。,日新月異,作繭自縛,柳暗花明,山窮水盡,C,"1．日新月異：形容發展或進步快速，不斷出現新事物或新現象。
2．作繭自縛：比喻人做某事，反而使自己陷入困境。
4．山窮水盡：水陸交通阻斷，無法通行。"
683,形容女子容貌十分姣好。,人面桃花,鳥語花香,秀外慧中,閉月羞花,D,"1．人面桃花：女子容貌美麗，可與桃花爭豔。
2．鳥語花香：形容景色美好。
3．秀外慧中：形容一個人容貌秀美，內心聰慧。"
684,指後代子孫昌盛顯赫。,五世其昌,一呼百諾,瓦釜雷鳴,李代桃僵,A,"2．一呼百諾：形容權勢顯赫，隨從眾多。
3．瓦釜雷鳴：比喻平庸無才德的人卻居於顯赫的高位。
4．李代桃僵：比喻以此代彼或代人受過。"
685,比喻說理透澈，使人心服。,無的放矢,一針見血,當頭棒喝,頑石點頭,D,"1．無的放矢：比喻言語或行動沒有目的。
2．一針見血：比喻言論簡潔透澈，深中肯綮。
3．當頭棒喝：比喻使人立即醒悟的警示。"
686,表示大自然界的事物或景象都改變得煥然一新。,別開生面,萬象更新,氣象萬千,一成不變,B,"1．別開生面：比喻另外開創新的局面、風格、形式。
3．氣象萬千：形容景象千變萬化，極為壯觀。
4．一成不變：事情既定之後，從不改變。"
687,以順從的態度接受惡劣環境或不合理的待遇。,無理取鬧,模稜兩可,逆來順受,苦口婆心,C,"1．無理取鬧：比喻不合情理的吵鬧或故意搗亂。
2．模稜兩可：比喻處理事情的態度含混，不表示明確的意見或主張。
4．苦口婆心：形容以懇切真摯的態度，竭力勸告他人。"
688,比喻捏造事實，誣賴他人。,含血噴人,自欺欺人,木已成舟,向壁虛造,A,"2．自欺欺人：不但欺騙自己，也欺騙他人。
3．木已成舟：比喻已成事實，無法改變。
4．向壁虛造：比喻憑空捏造。"
689,比喻暗中用陰險的手段中傷他人。,移花接木,暗箭傷人,上下其手,掩人耳目,B,"1．移花接木：比喻暗中使用手段，以假換真，欺騙他人。
3．上下其手：比喻玩弄手段，暗中作弊。
4．掩人耳目：比喻用假象欺騙、蒙蔽他人。"
690,譏諷人見識不廣，遇平常之事亦以為驚怪。,少見多怪,好為人師,聳人聽聞,夜郎自大,A,"2．好為人師：指人自以為是，喜歡教導別人。
3．聳人聽聞：使人聽後大為驚駭。
4．夜郎自大：比喻人見識短淺，狂妄自大。"
691,形容快上加快。,快馬加鞭,白駒過隙,一日千里,錦上添花,A,"2．白駒過隙：比喻時間過得很快。
3．一日千里：形容速度很快。
4．錦上添花：比喻美上加美，喜上加喜。"
692,經常聽到、看到而深受影響。,司空見慣,耳濡目染,言聽計從,老生常談,B,"1．司空見慣：比喻經常看到，不足為奇。
3．言聽計從：形容某人深受信任。
4．老生常談：比喻時常聽到，了無新意的老話。"
693,使別人蒙受損失而讓自己得到利益。,投機取巧,塞翁失馬,損人利己,鷸蚌相爭,C,"1．投機取巧：利用時機，獲取利益。
2．塞翁失馬：比喻暫時受到損失，卻因禍得福，終於得到好處。
4．鷸蚌相爭：比喻雙方爭執不相讓，必會造成兩敗俱傷，而讓第三者獲得利益。"
694,比喻人的儀表才能超群脫凡。,先發制人,以貌取人,吳下阿蒙,鶴立雞群,D,"1．先發制人：凡事先下手取得先機，才能制伏對方。
2．以貌取人：以容貌儀表作為評斷或選取人才的標準。
3．吳下阿蒙：比喻學識淺陋的人。"
695,讚美所看到的事物好到極點，無與倫比。,忍無可忍,不可一世,嘆為觀止,痛心疾首,C,"1．忍無可忍：忍耐到了極點，無法再忍受。
2．不可一世：指人驕橫自大，目空一切，以為他人無與倫比。
4．痛心疾首：指痛恨到極點。"
696,為人處事違背天理，泯滅人性。,事與願違,傷天害理,行雲流水,玩世不恭,B,"1．事與願違：事實和願望相違背。
3．行雲流水：形容待人處事或文章字畫飄逸自然，無拘無束。
4．玩世不恭：以不莊重、不嚴謹的生活態度待人處事。"
697,本想耍巧妙的手段，結果反而把事情弄壞。,水到渠成,掩耳盜鈴,弄巧成拙,揠苗助長,C,"1．水到渠成：比喻事情自然發展，結果自成。
2．掩耳盜鈴：比喻妄想瞞騙他人，結果卻只是欺騙自己而已。
4．揠苗助長：比喻為用不當的手段以求速成，結果不但無益，反而有害。"
698,比喻禮物雖輕但情意深重。,繁文縟節,大逆不道,出言不遜,千里鵝毛,D,"1．繁文縟節：形容繁縟的儀式禮節。
2．大逆不道：指違反倫常，罪惡深重。
3．出言不遜：說話傲慢無禮。"
699,比喻景物的變遷，世事的更替。,物換星移,少不更事,一成不變,風吹草動,A,"2．少不更事：形容年紀輕，經歷世事少，欠缺經驗。
3．一成不變：事情既定之後，從不改變。
4．風吹草動：比喻輕微的變故或動靜。"
700,比喻已成事實，無法改變。,脫胎換骨,木已成舟,死心塌地,事過境遷,B,"1．脫胎換骨：比喻澈底改變。
3．死心塌地：形容心意已定，不再改變。
4．事過境遷：事情過了，環境也已改變。"
701,發奇兵或用奇計制敵而獲勝。,與虎謀皮,折衝尊俎,全軍覆沒,出奇制勝,D,"1．與虎謀皮：比喻所謀者與對方有利害衝突，事情必辦不成。
2．折衝尊俎：在酒宴談判間，不以武力制敵取勝。
3．全軍覆沒：比喻完全喪失或澈底失敗。"
702,比喻在仕途順遂、地位得意時，及早引退。,東山再起,飛黃騰達,設身處地,急流勇退,D,"1．東山再起：比喻失勢或退隱之後，重新恢復地位、勢力。
2．飛黃騰達：比喻仕途得意，很快到達高位。
3．設身處地：假想自己處在他人地位或情況中。"
703,形容擺脫長期壓抑後的暢快神情。,眉飛色舞,高談闊論,揚眉吐氣,一瀉千里,C,"1．眉飛色舞：形容非常喜悅得意的神情。
2．高談闊論：比喻暢快而無拘束地談論。
4．一瀉千里：形容水奔流直下，通暢快速。"
704,惡名永傳後世，為人所唾棄。,遺臭萬年,待價而沽,流芳百世,萬劫不復,A,"2．待價而沽：比喻人等待良機，為世所用。
3．流芳百世：美名流傳後世為人所稱頌。
4．萬劫不復：佛教謂人一旦墮入地獄，雖歷經萬次世界毀滅那久的時間，也不易投胎為人。"
705,比喻對賢才真心誠意的邀請、拜訪。,不速之客,心悅誠服,戶限為穿,三顧茅廬,D,"1．不速之客：沒有邀請就自己來的客人。
2．心悅誠服：誠心誠意地歸服。
3．戶限為穿：形容來訪人數眾多。"
706,比喻一去不返，無影無蹤。,如狼似虎,雞皮鶴髮,勢不可當,杳如黃鶴,D,"1．如狼似虎：形容像狼、虎般行動迅速，威武勇猛。
2．雞皮鶴髮：形容老人的形貌。
3．勢不可當：來勢迅速、猛烈，無法抵擋。"
707,好事情在實現前，往往會遇到許多阻礙和波折。,百折不撓,樂極生悲,好事多磨,一帆風順,C,"1．百折不撓：意志剛強，即使受到許多挫折，仍不屈服。
2．樂極生悲：歡樂到了極點，往往會轉生悲哀。
4．一帆風順：比喻非常順利，毫無阻礙。"
708,比喻才學與德行，或學習有了成果。,春華秋實,一傅眾咻,不學無術,生吞活剝,A,"2．一傅眾咻：比喻學習受到周圍眾人的干擾，難以有所成效。
3．不學無術：人未經學習而沒有學問才幹。
4．生吞活剝：比喻做學問或學習某事，只一味襲用他人的經驗或成果，而不求甚解。"
709,比喻造成重大的錯誤。,文過飾非,鑄成大錯,貪小失大,既往不咎,B,"1．文過飾非：掩飾過失、錯誤。
3．貪小失大：因貪圖小利而造成重大損失。
4．既往不咎：對過去的錯誤不再追究責難。"
710,比喻久居異地之人返回家鄉。,改邪歸正,葉落歸根,樂不思蜀,衣錦還鄉,B,"1．改邪歸正：指改正錯誤的行為，返回正途。
3．樂不思蜀：比喻人因留戀異地而不想返回故鄉。
4．衣錦還鄉：形容人功成名就後榮歸故鄉。"
711,比喻風景優美而人跡罕至的地方。,天涯海角,世外桃源,極樂世界,彈丸之地,B,"1．天涯海角：形容偏僻或相距遙遠的地方。
3．極樂世界：比喻非常快樂，無憂無慮的生活環境。或用來指死者往生的地方。
4．彈丸之地：比喻狹小的地方。"
712,被識見廣博或精通此道的內行人所譏笑。,貽笑大方,笑逐顏開,學富五車,付之一笑,A,"2．笑逐顏開：形容心中喜悅而眉開眼笑的樣子。
3．學富五車：形容人書讀很多，學識廣博。
4．付之一笑：毫不在意，一笑置之。"
713,形容言多隱諱，舉止畏縮的樣子。,藏頭露尾,心直口快,得意忘形,少年老成,A,"2．心直口快：形容性情直率，說話不隱諱。
3．得意忘形：形容人高興過頭，舉止失去常態。
4．少年老成：年紀雖輕，舉止卻成熟穩重。"
714,形容沒有獨自的見解，只會盲從跟隨。,人云亦云,酒囊飯袋,不見經傳,吉人天相,A,"2．酒囊飯袋：稱只會吃喝，而不會辦事的無能之人。
3．不見經傳：比喻沒有名氣。
4．吉人天相：形容吉善的人自有上天的幫助。"
715,避開艱難繁重的工作，而選擇輕鬆容易的。,如釋重負,輕諾寡信,避重就輕,駕輕就熟,C,"1．如釋重負：像放下重擔那樣輕鬆。
2．輕諾寡信：輕易答應別人的請求，卻很少實踐諾言。
4．駕輕就熟：比喻對事情很熟悉，做起來很輕鬆。"
716,比喻人心渙散，缺乏凝合的力量，不能團結起來。,一蹶不振,強弩之末,眾志成城,一盤散沙,D,"1．一蹶不振：比喻一遭受挫敗，就再也不能振作起來。
2．強弩之末：比喻原本強大的力量已經衰竭，不能再發揮效用。
3．眾志成城：比喻團結一致，同心協力。"
717,比喻乘機順便取走他人財物。,細水長流,巧取豪奪,兩袖清風,順手牽羊,D,"1．細水長流：比喻節約使用財物，使之能長久使用。
2．巧取豪奪：形容不擇手段的取得權利、財物。
3．兩袖清風：比喻做官清廉，沒有貪取錢財。"
718,比喻廣受好評。,信口雌黃,口碑載道,怨聲載道,目瞪口呆,B,"1．信口雌黃：比喻不顧事實真相，隨口亂說或妄加批評。
3．怨聲載道：形容群眾普遍的怨恨和不滿。
4．目瞪口呆：形容受驚或受窘以致神情痴呆的樣子。"
719,比喻虛構的事物或不切實際的幻想。,天花亂墜,空中樓閣,好大喜功,名不副實,B,"1．天花亂墜：形容說話動聽，或浮誇不切實際。
3．好大喜功：指行事作風鋪張浮誇，不切實際。
4．名不副實：形容空有虛名，不合實際。"
720,比喻欺騙世人，盜取名譽。,自欺欺人,名不虛傳,欺世盜名,身敗名裂,C,"1．自欺欺人：不但欺騙自己，也欺騙他人。
2．名不虛傳：名聲與實際相符，而非徒有虛名。
4．身敗名裂：地位毀壞，名譽喪失。"
721,全天下的人共同慶祝。,弄璋之喜,同仇敵愾,普天同慶,賓至如歸,C,"1．弄璋之喜：恭喜人生男孩的賀詞。
2．同仇敵愾：指共同抵禦仇敵。
4．賓至如歸：形容主人招待周到親切，使客人感到滿意。"
722,悲痛平息後，回想當時遭受的痛苦。,痛定思痛,如坐針氈,如喪考妣,水深火熱,A,"2．如坐針氈：比喻身心痛苦，惶恐難安。
3．如喪考妣：比喻悲痛至極。
4．水深火熱：比喻處境非常艱困、痛苦。"
723,指完成作戰準備。,厲兵秣馬,馬革裹屍,兵荒馬亂,枕戈待旦,A,"2．馬革裹屍：比喻英勇作戰，效命沙場。
3．兵荒馬亂：形容戰爭所造成的混亂景象。
4．枕戈待旦：形容隨時準備作戰，殺敵報國的心情急切。"
724,比喻情況非常危險。,燃眉之急,危如累卵,盲人瞎馬,化險為夷,B,"1．燃眉之急：形容事態嚴重，情況危急。
3．盲人瞎馬：比喻茫然不知處境極為危險。
4．化險為夷：轉化危險為平安。"
725,比喻快速上升。,快馬加鞭,一目十行,一瀉千里,扶搖直上,D,"1．快馬加鞭：形容快上加快。
2．一目十行：形容閱讀速度很快。
3．一瀉千里：形容水奔流直下，通暢快速。"
726,故意說些誇大、嚇人的話，使聽的人驚駭。,花言巧語,譁眾取寵,疾言厲色,危言聳聽,D,"1．花言巧語：形容虛假而動聽的言語。
2．譁眾取寵：用迎合眾人喜好的言語行動，博取他人對自己的喜愛。
3．疾言厲色：言語急迫，神色嚴厲。形容人發怒的樣子。"
727,形容心胸寬闊、度量宏大，能容人。,大千世界,豁達大度,尾大不掉,排山倒海,B,"1．大千世界：比喻廣闊無邊、千奇百怪的世界。
3．尾大不掉：比喻下屬的勢力強大，在上者難以駕馭。
4．排山倒海：形容力量巨大，氣勢壯闊。"
728,形容話多，沒完沒了。,喋喋不休,噤若寒蟬,要言不煩,大言不慚,A,"2．噤若寒蟬：比喻不敢說話。
3．要言不煩：形容說話精要，不囉嗦。
4．大言不慚：形容人說大話而不感到難為情。"
729,比喻趁禍患還未發生之前就加以防備。,史無前例,心腹之患,安然無恙,防患未然,D,"1．史無前例：指以往從未發生過。
2．心腹之患：形容致命的禍患或隱藏在內部的危害。
3．安然無恙：平安沒有疾病、禍患等事故。"
730,比喻在艱難困苦的環境下，才能考驗出人的堅強意志和節操。,獨善其身,苦盡甘來,高風亮節,疾風勁草,D,"1．獨善其身：堅守個人的節操修養。
2．苦盡甘來：艱難困苦的境遇已經結束，轉而逐步進入佳境。
3．高風亮節：形容人的品格高尚，氣節堅貞。"
731,比喻行動謹慎，防備周全。,步步為營,鞠躬盡瘁,惜墨如金,禍從口出,A,"2．鞠躬盡瘁：比喻恭敬謹慎，不辭勞病地貢獻心力。
3．惜墨如金：比喻寫字、作畫態度謹慎，不輕易下筆。
4．禍從口出：說話不謹慎，往往招致禍害。"
732,比喻主要問題解決後，其他相關問題也就容易解決。,迎刃而解,草草了事,釜底抽薪,束手無策,A,"2．草草了事：指匆忙隨便地解決事情。
3．釜底抽薪：比喻從根本上解決問題。
4．束手無策：比喻面對問題時，毫無解決的辦法。"
733,比喻有大才能，在小事上施展。,滿腹經綸,伯仲之間,牛刀小試,脫穎而出,C,"1．滿腹經綸：形容才識豐富，具有處理大事的才能。
2．伯仲之間：形容人才能相當，不相上下。
4．脫穎而出：比喻顯露才能，超越眾人。"
734,指用鼻子哼氣譏笑某一人事物以表示不屑、鄙視。,以德報怨,另眼相看,嗤之以鼻,標新立異,C,"1．以德報怨：表示不記仇恨，反以恩德回報他人。
2．另眼相看：以特別的眼光或態度相待，以示重視或歧視。
4．標新立異：形容創立新奇的名目或主張，以表示與眾不同。"
735,形容外表莊重嚴肅的樣子。,色厲內荏,玩世不恭,不苟言笑,道貌岸然,D,"1．色厲內荏：外表嚴厲而內心怯懦。
2．玩世不恭：以不莊重、不嚴謹的生活態度待人處事。
3．不苟言笑：不隨便談笑，態度嚴肅。"
736,形容言語凌厲、氣勢迫人。,咄咄逼人,花言巧語,疾言厲色,三言兩語,A,"2．花言巧語：形容虛假而動聽的言語。
3．疾言厲色：言語急迫，神色嚴厲。形容人發怒的樣子。
4．三言兩語：形容言語簡短。"
737,比喻悔過自新或促人向善。,吉人天相,回頭是岸,百戰百勝,洗心革面,B,"1．吉人天相：形容吉善的人自有上天的幫助。
3．百戰百勝：形容善於作戰，所向無敵。
4．洗心革面：比喻澈底悔悟，改過遷善。"
738,長期累積成的不良習慣與弊病，難以改正。,積重難返,覆水難收,防微杜漸,牢不可破,A,"2．覆水難收：比喻事情已成定局，難以挽回。
3．防微杜漸：防範弊病要從小地方著手，並制止弊端逐漸擴大。
4．牢不可破：形容事情或觀念已經固定，難以改變。"
739,地位毀壞，名譽喪失。,欺世盜名,身敗名裂,平步青雲,設身處地,B,"1．欺世盜名：比喻欺騙世人，盜取名譽。
3．平步青雲：比喻順利晉升到很高的地位。
4．設身處地：假想自己處在他人地位或情況中。"
740,正確澈底地了解自己以及對手的實力。,脫胎換骨,全軍覆沒,知難而退,知己知彼,D,"1．脫胎換骨：比喻澈底改變。
2．全軍覆沒：比喻完全喪失或澈底失敗。
3．知難而退：作戰時遇形勢不利則行退兵。"
741,比喻奸人掌握大權，專斷橫行。,豺狼當道,生殺予奪,隱惡揚善,移天易日,A,"2．生殺予奪：比喻掌握他人生死、賞罰的重大權力。
3．隱惡揚善：隱藏他人的惡行，宣揚他人的善行。
4．移天易日：比喻奸臣盜弄政權，顛倒是非，欺上瞞下。"
742,千方百慮，蓄意已久。,處心積慮,憂心如焚,殫精竭慮,死心塌地,A,"2．憂心如焚：形容非常焦急憂慮。
3．殫精竭慮：指竭盡精力與思慮。
4．死心塌地：形容心意已定，不再改變。"
743,比喻採取的方法雖不同，所得的結果卻相同。,迥然不同,不約而同,殊途同歸,異口同聲,C,"1．迥然不同：彼此不同，相差很大。
2．不約而同：彼此並未事先約定，而意見或行為卻相同。
4．異口同聲：形容眾人的說法或看法相同。"
744,形容用新的眼光來看人。,管窺蠡測,刮目相看,耳目一新,瞠目結舌,B,"1．管窺蠡測：比喻見識狹窄，以有限的眼光或知識推測廣大的事物。
3．耳目一新：形容所見所聞都有一種新奇、清新的感覺。
4．瞠目結舌：形容吃驚、受窘的樣子。"
745,說話顛三倒四，毫無條理。,三緘其口,語無倫次,旁若無人,手忙腳亂,B,"1．三緘其口：說話謹慎或不說話。
3．旁若無人：形容說話舉動毫無顧忌。
4．手忙腳亂：形容做事慌亂，失了條理。"
746,形容具有古舊典雅色彩和情調的書畫、或造型仿古的器物、建築、藝術品等。,鳥語花香,五光十色,古色古香,國色天香,C,"1．鳥語花香：形容景色美好。
2．五光十色：形容景色鮮麗複雜，光彩奪目。
4．國色天香：形容容貌美麗、姿態曼妙的女子。"
747,比喻眾人一致攻擊的目標。,眾矢之的,腹背受敵,黨同伐異,眾志成城,A,"2．腹背受敵：前、後都受到敵人的攻擊。
3．黨同伐異：偏袒同一派的人，攻擊意見不同的人。
4．眾志成城：比喻團結一致，同心協力。"
748,比喻危難時不想辦法解決，坐等敗亡。,揚湯止沸,束手待斃,排難解紛,束手無策,B,"1．揚湯止沸：比喻暫時紓解困境，無法根本解決問題。
3．排難解紛：指排除危難，解決紛爭。
4．束手無策：比喻面對問題時，毫無解決的辦法。"
749,比喻人孤立無助，不能成事。,孤苦伶仃,四面楚歌,眾叛親離,孤掌難鳴,D,"1．孤苦伶仃：形容孤單貧苦，無依無助。
2．四面楚歌：比喻四面受敵，孤立無援。
3．眾叛親離：形容不得人心，處境孤立。"
750,泛指年輕人精力正當旺盛，易於衝動。,返老還童,血氣方剛,心曠神怡,孺子可教,B,"1．返老還童：形容年紀雖大，卻像年輕人一樣精力充沛。
3．心曠神怡：心情開朗，精神愉悅。
4．孺子可教：指年輕人可以教誨裁培。"
751,戰爭持續不斷，災禍接連而來。,無妄之災,九死一生,兵連禍結,絡繹不絕,C,"1．無妄之災：比喻意外的災禍。
2．九死一生：形容歷經極大的危險而倖存。
4．絡繹不絕：形容連續不斷的樣子。"
752,泛指沒有經過證實、缺乏根據的話。,道聽塗說,水落石出,通權達變,杞人憂天,A,"2．水落石出：比喻事情經過澄清而後真相大白。
3．通權達變：指不墨守常規，根據實際情況作適當的處置。
4．杞人憂天：比喻缺乏根據且不必要的憂慮。"
753,形容罪惡深重，死都不足以抵罪。,大逆不道,死有餘辜,得不償失,格殺勿論,B,"1．大逆不道：指違反倫常，罪惡深重。
3．得不償失：表示所得不足以抵補所失。
4．格殺勿論：擊殺凶惡的人不以殺人論罪。"
754,比喻四面受敵，孤立無援。,縱虎歸山,兵連禍結,孤掌難鳴,四面楚歌,D,"1．縱虎歸山：比喻放走敵人，後患無窮。
2．兵連禍結：戰爭持續不斷，災禍接連而來。
3．孤掌難鳴：比喻人孤立無助，不能成事。"
755,形容行事保守。,倒行逆施,順水推舟,墨守成規,三思而行,C,"1．倒行逆施：比喻不按照情理行事。
2．順水推舟：比喻順應情勢行事。
4．三思而行：比喻謹慎行事。"
756,不同的作法收到同樣的功效。,立竿見影,同病相憐,異曲同工,黨同伐異,C,"1．立竿見影：比喻迅速收到成效。
2．同病相憐：有同樣不幸遭遇的人互相同情。
4．黨同伐異：偏袒同一派的人，攻擊意見不同的人。"
757,形容做事猶豫，顧慮太多。,顧此失彼,瞻前顧後,斬釘截鐵,不勝枚舉,B,"1．顧此失彼：指做事時不能全面兼顧。
3．斬釘截鐵：形容說話辦事堅決果斷，毫不猶豫。
4．不勝枚舉：事物太多，不能一一舉出。"
758,指人在幼年時聰慧敏捷。,小時了了,倚馬可待,秀外慧中,應對如流,A,"2．倚馬可待：比喻文思敏捷，寫作迅速。
3．秀外慧中：形容一個人容貌秀美，內心聰慧。
4．應對如流：形容才思敏捷，對答流利。"
759,比喻說法荒誕，不切實際。,天花亂墜,名不副實,好大喜功,痴人說夢,D,"1．天花亂墜：形容說話動聽，或浮誇不切實際。
2．名不副實：形容空有虛名，不合實際。
3．好大喜功：指行事作風鋪張浮誇，不切實際。"
760,形容愚笨或受驚嚇而發愣的樣子。,魂不附體,危言聳聽,驚弓之鳥,呆若木雞,D,"1．魂不附體：形容驚嚇過度而心不能自主。
2．危言聳聽：故意說些誇大、嚇人的話，使聽的人驚駭。
3．驚弓之鳥：比喻曾受打擊或驚嚇，心有餘悸，稍有動靜就害怕的人。"
761,隨手引用材料，自如而不費力。,事半功倍,信手拈來,搜索枯腸,入室操戈,B,"1．事半功倍：形容費力少而收效大。
3．搜索枯腸：比喻竭力思索。
4．入室操戈：比喻引用對方的論點或材料，反過來駁斥對方。"
762,形容待人仁厚、熱心。,古道熱腸,網開一面,一視同仁,推心置腹,A,"2．網開一面：比喻寬大仁厚，對犯錯的人從寬處置。
3．一視同仁：指平等待人，不分親疏厚薄。
4．推心置腹：比喻以至誠待人。"
763,形容驚慌疑懼，自相侵擾。,雞犬不寧,風聲鶴唳,兢兢業業,心驚膽戰,B,"1．雞犬不寧：比喻被嚴重騷擾。
3．兢兢業業：形容戒慎恐懼，認真負責的樣子。
4．心驚膽戰：形容十分驚慌害怕。"
764,承續先人的事業，並為後人開拓道路。,蕭規曹隨,別開生面,四通八達,繼往開來,D,"1．蕭規曹隨：比喻後人依循前人所訂的規章辦事。
2．別開生面：比喻另外開創新的局面、風格、形式。
3．四通八達：四方相通的道路。"
765,比喻人毫無學識。,胸無點墨,因材施教,爐火純青,學富五車,A,"2．因材施教：依據受教者不同的資質與能力，給予適合的教導。
3．爐火純青：比喻學問、技術、功夫等到達精純完美的境地。
4．學富五車：形容人書讀很多，學識廣博。"
766,比喻被埋沒的人才或珍貴事物。,價值連城,滄海遺珠,鳳毛麟角,珠聯璧合,B,"1．價值連城：形容物品十分珍貴。
3．鳳毛麟角：比喻稀罕珍貴的人、物。
4．珠聯璧合：比喻人才或美好的事物相匹配或同時薈集。"
767,形容極度悲慟、激動。,呼天搶地,芒刺在背,失魂落魄,聲淚俱下,D,"1．呼天搶地：大聲喊天，用頭撞地。形容極度哀傷、悲痛。
2．芒刺在背：比喻因畏忌而極度不安。
3．失魂落魄：形容人極度驚慌或精神恍惚、失其主宰。"
768,比喻事情非常重大，非一人之力所能支持。,行將就木,獨木難支,請君入甕,獨當一面,B,"1．行將就木：指年紀已大，壽命將盡。
3．請君入甕：比喻以其人之法，還治其人之身。
4．獨當一面：獨力擔當某一方面的重任。"
769,比喻弟子勝過老師，或後輩優於前輩。,藍田生玉,出水芙蓉,青出於藍,無出其右,C,"1．藍田生玉：比喻名門出俊秀子弟。
2．出水芙蓉：比喻女子容貌清麗自然，或詩文清新脫俗。
4．無出其右：指沒有人能勝過他。"
770,比喻時間拖久了，易發生不利的變化。,天長地久,平地風波,夜長夢多,來日方長,C,"1．天長地久：形容時間的長久無止盡。
2．平地風波：比喻突然發生事故或變化。
4．來日方長：將來的日子還很長，指事情未來還有發展或變化。"
771,比喻為貪圖眼前的好處而斷絕了長遠的利益。,深謀遠慮,損人利己,殺雞取卵,投機取巧,C,"1．深謀遠慮：計畫周密而慮事深遠。
2．損人利己：使別人蒙受損失而讓自己得到利益。
4．投機取巧：利用時機，獲取利益。"
772,比喻人本領大，力強可畏。,恃才傲物,力不從心,三頭六臂,雷霆萬鈞,C,"1．恃才傲物：依仗本身有才幹而驕傲自大，目空一切。
2．力不從心：心裡想做某事，力量卻無法達到。
4．雷霆萬鈞：比喻威力強大，勢不可擋。"
773,泛指出現在大眾面前。,害群之馬,歷歷在目,拋頭露面,深居簡出,C,"1．害群之馬：比喻危害大眾的人。
2．歷歷在目：清楚明白地呈現在眼前。
4．深居簡出：指人平日待在家裡，很少外出。"
774,比喻不顧事實真相，隨口亂說或妄加批評。,信口雌黃,言過其實,口碑載道,口蜜腹劍,A,"2．言過其實：指言辭虛妄誇大，與事實不相符。
3．口碑載道：比喻廣受好評。
4．口蜜腹劍：比喻一個人嘴上說得好聽，事實上卻內心險惡，處處想陷害別人。"
775,泛指事先約好或規定的事。,不約而同,當務之急,率由舊章,約法三章,D,"1．不約而同：彼此並未事先約定，而意見或行為卻相同。
2．當務之急：當前最急迫要做的事。
3．率由舊章：指一切遵循舊規。"
776,指好還要更好的意思。,集思廣益,借題發揮,從善如流,精益求精,D,"1．集思廣益：集結眾人的智慧，廣泛吸收有益的意見。
2．借題發揮：假借某事為題，表達自己真正的意思，或想做的事。
3．從善如流：比喻樂於接受別人好的意見。"
777,比喻局勢動盪不安，基礎不穩固。,心驚肉跳,手足無措,顛沛流離,風雨飄搖,D,"1．心驚肉跳：形容恐懼不安，心神不寧。
2．手足無措：形容人惶恐不安，不知如何是好。
3．顛沛流離：形容生活困迫不安，四處流浪。"
778,比喻官吏執法能公正嚴明。,移天易日,明鏡高懸,兩袖清風,冰雪聰明,B,"1．移天易日：比喻奸臣盜弄政權，顛倒是非，欺上瞞下。
3．兩袖清風：比喻做官清廉，沒有貪取錢財。
4．冰雪聰明：形容人非常聰明。"
779,表示具有極高智慧的人，往往表面上看起來似乎愚笨。,葉公好龍,陽奉陰違,暗度陳倉,大智若愚,D,"1．葉公好龍：比喻表面上愛好某事物，實際上並不真正喜愛。
2．陽奉陰違：表面上裝著遵守奉行，暗地裡卻違反不照辦。
3．暗度陳倉：比喻表面上採取某種做法，暗中卻進行另一項活動。"
780,比喻行事不密，反而使對方有所警覺和防備。,作繭自縛,打草驚蛇,調虎離山,欲蓋彌彰,B,"1．作繭自縛：比喻人做某事，反而使自己陷入困境。
3．調虎離山：比喻用計誘使對方離開他的據點，以便趁機行事，達成目的。
4．欲蓋彌彰：形容想要掩飾過失，反而使過失更加顯明。"
781,形容做事果斷有魄力。,粗枝大葉,大刀闊斧,斬釘截鐵,優柔寡斷,B,"1．粗枝大葉：比喻疏略，做事不細密。
3．斬釘截鐵：形容說話辦事堅決果斷，毫不猶豫。
4．優柔寡斷：形容行事猶豫，不能當機立斷。"
782,永遠流傳而不可磨滅。,顛撲不破,洛陽紙貴,永垂不朽,遺臭萬年,C,"1．顛撲不破：比喻理論真確可靠，永遠不能被改易或推翻。
2．洛陽紙貴：形容作品風行一時，流傳甚廣。
4．遺臭萬年：惡名永傳後世，為人所唾棄。"
783,因應某種時機而暫用的計謀。,奇貨可居,匹夫之勇,權宜之計,千方百計,C,"1．奇貨可居：比喻利用某種專長或有價值的東西以謀利。
2．匹夫之勇：形容人有勇無謀。
4．千方百計：費盡心機，想盡一切辦法、計謀。"
784,比喻極為深刻難忘的感受與經驗。,切膚之痛,少不更事,驚心動魄,春風得意,A,"2．少不更事：形容年紀輕，經歷世事少，欠缺經驗。
3．驚心動魄：形容人內心感受極深，震撼很大。
4．春風得意：指考中後稱心如意的感受。"
785,形容人因緊張、焦急、害羞等而滿臉發紅的樣子。,義憤填膺,坐立不安,滿面春風,面紅耳赤,D,"1．義憤填膺：指胸中充滿因正義而激起的憤怒。
2．坐立不安：形容焦急、煩躁，心神不寧的樣子。
3．滿面春風：形容滿臉笑容、心情喜悅。"
786,比喻人心腸狠毒，毫無良心。,一心一意,狼心狗肺,燕雀處堂,一帆風順,B,"1．一心一意：心意專一，毫無他念。
3．燕雀處堂：比喻身處危境而不自知，毫無警惕之心。
4．一帆風順：比喻非常順利，毫無阻礙。"
787,比喻心意不定、反覆無常。,朝三暮四,世態炎涼,白雲蒼狗,七上八下,A,"2．世態炎涼：比喻世俗情態反覆無常。
3．白雲蒼狗：比喻世事變幻無常。
4．七上八下：形容心情起伏不定、忐忑不安。"
788,形容結親的雙方家庭經濟和社會地位相當。,分庭抗禮,門當戶對,休戚相關,志同道合,B,"1．分庭抗禮：比喻雙方地位、聲勢相當，可以平等對立。
3．休戚相關：形容彼此間的關係密切，利害一致。
4．志同道合：彼此的志趣和理想一致。"
789,比喻手腕極佳，善於社交。,聞一知十,循循善誘,長袖善舞,百戰百勝,C,"1．聞一知十：形容人稟賦聰敏，善於類推。
2．循循善誘：形容善於循序漸進地誘導別人。
4．百戰百勝：形容善於作戰，所向無敵。"
790,請求寬容饒恕的客套話。,眼高手低,十惡不赦,高抬貴手,不速之客,C,"1．眼高手低：比喻要求標準高，而實行能力低。
2．十惡不赦：形容罪大惡極，不可饒恕。
4．不速之客：沒有邀請就自己來的客人。"
791,比喻觀察事物非常透澈。,頑石點頭,洞若觀火,淋漓盡致,先見之明,B,"1．頑石點頭：比喻說理透澈，使人心服。
3．淋漓盡致：形容語言或文章表達得十分充分、透澈。
4．先見之明：指具備預先洞察事物的能力。"
792,比喻人的言行前後反覆，自相矛盾。,風聲鶴唳,出爾反爾,拾人牙慧,一諾千金,B,"1．風聲鶴唳：形容驚慌疑懼，自相侵擾。
3．拾人牙慧：比喻蹈襲他人的言論或主張。
4．一諾千金：形容信守承諾，說話算數。"
793,比喻沒有自己的立場，隨著他人或世俗風氣行動。,移風易俗,隨波逐流,中流砥柱,軒然大波,B,"1．移風易俗：改善不良的社會風氣和習俗。
3．中流砥柱：比喻獨立不撓、能擔當重任支撐大局的人。
4．軒然大波：比喻大的糾紛或風波。"
794,比喻處境非常艱困。,日暮途窮,雪中送炭,動輒得咎,家徒四壁,A,"2．雪中送炭：比喻在人艱困危急之時，給予適時的援助。
3．動輒得咎：形容人處境困難，極易受到責難。
4．家徒四壁：形容家境極為貧困。"
795,比喻事物看似充實強盛，實則空虛衰弱。,鏡花水月,談何容易,無中生有,外強中乾,D,"1．鏡花水月：比喻空幻不實在。
2．談何容易：指嘴裡說說容易，實際做起來卻很困難。
3．無中生有：指本無其事，憑空捏造。"
796,比喻僥倖逃脫法網的人。,害群之馬,井底之蛙,漏網之魚,天羅地網,C,"1．害群之馬：比喻危害大眾的人。
2．井底之蛙：比喻見識淺薄的人。
4．天羅地網：比喻防範布置得極為嚴密而無法逃脫。"
797,因對事理領悟通曉，而能全盤理解。,豁然貫通,大惑不解,溫故知新,一竅不通,A,"2．大惑不解：指對事物感到非常疑惑，無法了解。
3．溫故知新：複習學過的課業，而能領悟出新的道理。
4．一竅不通：比喻人昏昧不明事理。"
798,指費盡心思，專心研究，達到他人所無法達到的境地。,力不從心,專心致志,苦心孤詣,爐火純青,C,"1．力不從心：心裡想做某事，力量卻無法達到。
2．專心致志：專一心思，集中精神。
4．爐火純青：比喻學問、技術、功夫等到達精純完美的境地。"
799,比喻眾口同聲，往往積非成是。,物以類聚,眾口鑠金,禍從口出,樂極生悲,B,"1．物以類聚：性質相近的人或事物，往往聚集在一起。
3．禍從口出：說話不謹慎，往往招致禍害。
4．樂極生悲：歡樂到了極點，往往會轉生悲哀。"
800,比喻顯露才能，超越眾人。,群策群力,脫穎而出,牛刀小試,雞鳴狗盜,B,"1．群策群力：聚合眾人的智慧和能力。
3．牛刀小試：比喻有大才能，在小事上施展。
4．雞鳴狗盜：比喻微不足道的技能，或具有這類技能的人。"
801,用驕橫的氣勢壓迫別人。,好為人師,一氣呵成,盛氣凌人,望風披靡,C,"1．好為人師：指人自以為是，喜歡教導別人。
2．一氣呵成：比喻文章的氣勢流暢，首尾貫通。
4．望風披靡：形容為強大的氣勢所壓倒。"
802,比喻詩文或事物受到眾人的喜愛與傳頌。,葉公好龍,譁眾取寵,愛屋及烏,膾炙人口,D,"1．葉公好龍：比喻表面上愛好某事物，實際上並不真正喜愛。
2．譁眾取寵：用迎合眾人喜好的言語行動，博取他人對自己的喜愛。
3．愛屋及烏：比喻愛一個人也連帶地關愛與他有關的一切。"
803,比喻不論賢愚、善惡、好壞同時受害，盡皆毀滅。,赤子之心,冰清玉潔,玉石俱焚,憐香惜玉,C,"1．赤子之心：比喻純潔、善良的心地。
2．冰清玉潔：比喻品行高潔、操守純正。
4．憐香惜玉：比喻愛憐、善待女性。"
804,形容力量巨大，氣勢壯闊。,氣壯山河,排山倒海,尺幅千里,理直氣壯,B,"1．氣壯山河：形容氣勢如高山大河般雄壯豪邁。
3．尺幅千里：指篇幅雖短而內容豐富，氣勢遠大。
4．理直氣壯：理由正大、充分，則氣勢壯盛而無所畏懼。"
805,比喻狹小的地方。,明察秋毫,洞天福地,天涯海角,彈丸之地,D,"1．明察秋毫：比喻人能洞察一切，看到極細微的地方。
2．洞天福地：比喻環境優美、適宜居住的地方。
3．天涯海角：形容偏僻或相距遙遠的地方。"
806,形容女子容貌美麗，惹人憐愛。,憐香惜玉,秀外慧中,別有天地,我見猶憐,D,"1．憐香惜玉：比喻愛憐、善待女性。
2．秀外慧中：形容一個人容貌秀美，內心聰慧。
3．別有天地：形容風景秀麗，引人入勝。"
807,形容運氣來時，心思突然變得靈敏起來。,心不在焉,心血來潮,嘔心瀝血,福至心靈,D,"1．心不在焉：比喻心思不集中。
2．心血來潮：形容突然興起的念頭。
3．嘔心瀝血：比喻費盡心思，用盡心血。"
808,形容出沒無常，變化莫測。,依然故我,五花八門,翻雲覆雨,神出鬼沒,D,"1．依然故我：指情況依舊，沒有任何變化。
2．五花八門：比喻花樣繁多，變化多端。
3．翻雲覆雨：比喻反覆無常，或玩弄手段。"
809,形容未經慎重考慮，輕率地採取行動。,置之度外,按兵不動,輕舉妄動,深思熟慮,C,"1．置之度外：把某事放在考慮之外，不放在心上。
2．按兵不動：形容暫時不採取行動。
4．深思熟慮：仔細而深入地考慮。"
810,比喻為了維護公理正義，不徇私情，滅了犯罪的親人，或讓他們接受法律制裁。,平易近人,大義滅親,義無反顧,逍遙法外,B,"1．平易近人：形容態度和藹親切，容易接近。
3．義無反顧：秉持正義，勇往直前，絕不退縮。
4．逍遙法外：犯罪者逃避了應受的法律制裁，仍自由自在。"
811,痛痛快快、毫無顧忌地把想說的話全部講出來。,暢所欲言,極樂世界,旁若無人,親痛仇快,A,"2．極樂世界：比喻非常快樂，無憂無慮的生活環境。或用來指死者往生的地方。
3．旁若無人：形容說話舉動毫無顧忌。
4．親痛仇快：一個人因行為失當，而使親人痛心，仇人稱快。"
812,比喻不除去仇敵、惡人，將給自己留下後患。,斬草除根,同仇敵愾,有備無患,養虎遺患,D,"1．斬草除根：比喻除去禍根，不留後患。
2．同仇敵愾：指共同抵禦仇敵。
3．有備無患：事先有準備，即可免除後患。"
813,形容疑神疑鬼、驚恐不安。,手足無措,心驚肉跳,草木皆兵,呆若木雞,C,"1．手足無措：形容人惶恐不安，不知如何是好。
2．心驚肉跳：形容恐懼不安，心神不寧。
4．呆若木雞：形容愚笨或受驚嚇而發愣的樣子。"
814,比喻不顧性命作奸犯科的人。,亡命之徒,物以類聚,井底之蛙,衣冠禽獸,A,"2．物以類聚：性質相近的人或事物，往往聚集在一起。
3．井底之蛙：比喻見識淺薄的人。
4．衣冠禽獸：比喻品德敗壞的人。"
815,比喻原本強大的力量已經衰竭，不能再發揮效用。,強弩之末,事半功倍,大喜過望,杯水車薪,A,"2．事半功倍：形容費力少而收效大。
3．大喜過望：因結果超過原本預期而感到特別高興。
4．杯水車薪：比喻力量太小，無濟於事。"
816,含有譏諷意味的冷冰冰的話。,冷言冷語,危言聳聽,花言巧語,三言兩語,A,"2．危言聳聽：故意說些誇大、嚇人的話，使聽的人驚駭。
3．花言巧語：形容虛假而動聽的言語。
4．三言兩語：形容言語簡短。"
817,形容整齊有序，條理分明。,應有盡有,井井有條,冰雪聰明,衣冠楚楚,B,"1．應有盡有：形容事物齊備。
3．冰雪聰明：形容人非常聰明。
4．衣冠楚楚：形容男子服裝整齊出眾。"
818,安於現狀，不求進取。,隨遇而安,故步自封,自暴自棄,日新月異,B,"1．隨遇而安：能安於所處的環境。
3．自暴自棄：指自甘墮落，不求上進。
4．日新月異：形容發展或進步快速，不斷出現新事物或新現象。"
819,假想自己處在他人地位或情況中。,望塵莫及,設身處地,平步青雲,身敗名裂,B,"1．望塵莫及：比喻遠遠落在他人之後。
3．平步青雲：比喻順利晉升到很高的地位。
4．身敗名裂：地位毀壞，名譽喪失。"
820,比喻人品光明磊落，胸襟坦蕩。,疾風勁草,沆瀣一氣,光風霽月,衣冠禽獸,C,"1．疾風勁草：比喻在艱難困苦的環境下，才能考驗出人的堅強意志和節操。
2．沆瀣一氣：比喻品性相投的壞人勾結在一起。
4．衣冠禽獸：比喻品德敗壞的人。"
821,公開而人多的場合。,寡不敵眾,瓜田李下,大庭廣眾,招搖過市,C,"1．寡不敵眾：指人少的抵擋不過人多勢眾的。
2．瓜田李下：比喻容易引起懷疑的場合。
4．招搖過市：指故意在人多的地方炫耀自己，以引人注意。"
822,比喻自招其禍。,山木自寇,曾參殺人,無妄之災,引狼入室,D,"1．山木自寇：比喻人因擁有才能而招致禍患。
2．曾參殺人：比喻流言可畏或稱誣枉的災禍。
3．無妄之災：比喻意外的災禍。"
823,形容情狀悽慘，令人不忍目睹。,觸目驚心,不可思議,慘不忍睹,不知所措,C,"1．觸目驚心：形容事情景況，令人震驚。
2．不可思議：比喻出乎常情，令人無法想像，難以理解。
4．不知所措：形容人惶恐不安，不知道怎麼辦才好。"
824,自己沒有主見，只迎合他人的意見。,從善如流,隨聲附和,投其所好,虛懷若谷,B,"1．從善如流：比喻樂於接受別人好的意見。
3．投其所好：迎合他人的愛好。
4．虛懷若谷：形容為人謙虛，能接納他人的意見。"
825,比喻人已衰老或事物即將衰敗。,功敗垂成,指日可待,不同凡響,日薄西山,D,"1．功敗垂成：指事情在即將成功時卻失敗了。
2．指日可待：形容願望或期盼不久即將實現。
3．不同凡響：比喻特出、不平凡的人或事物。"
826,毫無辦法或沒有辦法可想。,束手待斃,無可奈何,千方百計,雙管齊下,B,"1．束手待斃：比喻危難時不想辦法解決，坐等敗亡。
3．千方百計：費盡心機，想盡一切辦法、計謀。
4．雙管齊下：比喻同時採用兩種辦法來做事。"
827,形容假意推辭的樣子。,虛與委蛇,弄瓦之喜,半推半就,當仁不讓,C,"1．虛與委蛇：形容假意慇懃，敷衍應付。
2．弄瓦之喜：祝賀人生女之辭。
4．當仁不讓：遇到應該做的事，主動承擔起來而不推辭。"
828,比喻雖處於絕境卻重獲生機，或劣境忽然轉好。,相濡以沫,枯木逢春,窮途末路,困獸猶鬥,B,"1．相濡以沫：比喻人同處於困境，而互相以微力救助。
3．窮途末路：形容無路可走，處於十分窮困的境況。
4．困獸猶鬥：比喻處於絕境，仍然奮力抵抗。"
829,性質相近的人或事物，往往聚集在一起。,寸步不離,不同凡響,後來居上,物以類聚,D,"1．寸步不離：比喻關係密切，總是在一起。
2．不同凡響：比喻特出、不平凡的人或事物。
3．後來居上：形容後來的人或事物超越原領先者。"
830,形容驕傲自滿、得意忘形的樣子。,趾高氣揚,垂頭喪氣,忍氣吞聲,恃才傲物,A,"2．垂頭喪氣：形容失意沮喪的樣子。
3．忍氣吞聲：形容受了氣也強自忍耐，不敢作聲抗爭。
4．恃才傲物：依仗本身有才幹而驕傲自大，目空一切。"
831,比喻事物不倫不類。,蒸蒸日上,非驢非馬,無獨有偶,不脛而走,B,"1．蒸蒸日上：形容事物不斷地進步發展。
3．無獨有偶：某種少見的人、事、物，偏有類同者出現恰巧湊成一對的情況，或兩項事物恰巧相同或類似。
4．不脛而走：比喻事物不用推廣，也能迅速傳播。"
832,比喻失勢或退隱之後，重新恢復地位、勢力。,分庭抗禮,東山再起,改弦更張,改過自新,B,"1．分庭抗禮：比喻雙方地位、聲勢相當，可以平等對立。
3．改弦更張：比喻改革變更，重新做起。
4．改過自新：改正過失，重新作人。"
833,比喻直截了當，不繞圈子。,單刀直入,心直口快,半斤八兩,長驅直入,A,"2．心直口快：形容性情直率，說話不隱諱。
3．半斤八兩：比喻彼此相當，不相上下。
4．長驅直入：指軍隊長距離迅速挺進，沿途未受阻擋。"
834,比喻卓越的人才往往成就較晚。,滄海遺珠,才高八斗,天造地設,大器晚成,D,"1．滄海遺珠：比喻被埋沒的人才或珍貴事物。
2．才高八斗：比喻人才學極高。
3．天造地設：天然所成就的。"
835,形容男子服裝整齊出眾。,衣冠楚楚,超群絕倫,沉魚落雁,鶉衣百結,A,"2．超群絕倫：形容才能出眾。
3．沉魚落雁：形容女子容貌美麗出眾。
4．鶉衣百結：形容衣服破爛不堪。"
836,恭喜人生男孩的賀詞。,賓至如歸,弄瓦之喜,額手稱慶,弄璋之喜,D,"1．賓至如歸：形容主人招待周到親切，使客人感到滿意。
2．弄瓦之喜：祝賀人生女之辭。
3．額手稱慶：表示慶賀、高興。"
837,形容生命已到了最後時刻。,一觸即發,奄奄一息,功虧一簣,孤注一擲,B,"1．一觸即發：比喻很緊張的情勢或很危險的時刻。
3．功虧一簣：比喻事情只差最後一步，卻因未能堅持到底而前功盡棄。
4．孤注一擲：比喻危急時，投入全部力量，作最後的冒險。"
838,指仍活在世上。,置之度外,奄奄一息,瞠乎其後,一息尚存,D,"1．置之度外：把某事放在考慮之外，不放在心上。
2．奄奄一息：形容生命已到了最後時刻。
3．瞠乎其後：比喻落後很多，追趕不上。"
839,經過一次的勞苦，就能獲得永久的安逸。,任勞任怨,一箭雙鵰,好逸惡勞,一勞永逸,D,"1．任勞任怨：形容人做事熱心負責，不辭勞苦，不怕嫌怨。
2．一箭雙鵰：比喻一次舉動，可以同時達到兩個目標。
3．好逸惡勞：貪圖安逸而不願勞動。"
840,比喻戰爭接連不斷。,烽火連天,窮兵黷武,絡繹不絕,長驅直入,A,"2．窮兵黷武：表示恣意運用兵力，發動戰爭。
3．絡繹不絕：形容連續不斷的樣子。
4．長驅直入：指軍隊長距離迅速挺進，沿途未受阻擋。"
841,比喻迅速收到成效。,一傅眾咻,立竿見影,異曲同工,雷厲風行,B,"1．一傅眾咻：比喻學習受到周圍眾人的干擾，難以有所成效。
3．異曲同工：不同的作法收到同樣的功效。
4．雷厲風行：比喻人行事嚴格迅速。"
842,改善不良的社會風氣和習俗。,憤世嫉俗,移風易俗,赤子之心,路不拾遺,B,"1．憤世嫉俗：痛恨腐敗的社會現狀及庸俗的世態。
3．赤子之心：比喻純潔、善良的心地。
4．路不拾遺：不會撿拾路上失物，據為己有；形容社會風氣良好。"
843,形容置身事外，不予過問。,節外生枝,袖手旁觀,目不識丁,見義勇為,B,"1．節外生枝：比喻事外復生事端。
3．目不識丁：比喻不識字或毫無學問。
4．見義勇為：見到合乎正義的事，就奮勇去做。"
844,比喻遠遠落在他人之後。,借刀殺人,鞭長莫及,望塵莫及,設身處地,C,"1．借刀殺人：比喻假他人之手去害人。
2．鞭長莫及：比喻力量有所不及。
4．設身處地：假想自己處在他人地位或情況中。"
845,比喻力量有所不及。,望塵莫及,鞭長莫及,望而卻步,頭頭是道,B,"1．望塵莫及：比喻遠遠落在他人之後。
3．望而卻步：危險或能力不及的事，令人見了就退卻不前。
4．頭頭是道：指道無所不在。"
846,說話或寫文章一開始就揭明主旨綱要。,旗開得勝,開宗明義,旁敲側擊,斷章取義,B,"1．旗開得勝：比喻事情才一開始就獲得成功。
3．旁敲側擊：說話或寫文章不從正面直接說，而是用從旁比喻或暗示來表達。
4．斷章取義：指截取文章或談話中的某一段落，而不顧整體內容的原意。"
847,心願得以實現。,一鳴驚人,事與願違,如願以償,指日可待,C,"1．一鳴驚人：比喻平時默默無聞，而後卻突然有驚人的表現。
2．事與願違：事實和願望相違背。
4．指日可待：形容願望或期盼不久即將實現。"
848,比喻力量太小，無濟於事。,臨渴掘井,重整旗鼓,強弩之末,杯水車薪,D,"1．臨渴掘井：比喻事到臨頭才著手準備，為時已晚，無濟於事。
2．重整旗鼓：比喻失敗後積聚力量，重新行動。
3．強弩之末：比喻原本強大的力量已經衰竭，不能再發揮效用。"
849,比喻面臨危難，不採取積極的應變措施，只坐等敗亡。,排難解紛,坐以待斃,曲突徙薪,困獸猶鬥,B,"1．排難解紛：指排除危難，解決紛爭。
3．曲突徙薪：比喻事先採取措施，以防止危險發生。
4．困獸猶鬥：比喻處於絕境，仍然奮力抵抗。"
850,作戰時養精蓄銳，等敵方疲憊時再予以攻擊。,腹背受敵,以逸待勞,枕戈待旦,知難而退,B,"1．腹背受敵：前、後都受到敵人的攻擊。
3．枕戈待旦：形容隨時準備作戰，殺敵報國的心情急切。
4．知難而退：作戰時遇形勢不利則行退兵。"
851,指軍隊長距離迅速挺進，沿途未受阻擋。,長驅直入,立竿見影,青雲直上,烽火連天,A,"2．立竿見影：比喻迅速收到成效。
3．青雲直上：比喻順利而迅速地升上高位。
4．烽火連天：比喻戰爭接連不斷。"
852,形容心慌意亂，拿不定主意。,千頭萬緒,猶豫不決,六神無主,從容不迫,C,"1．千頭萬緒：形容事情雜亂，頭緒紛繁，難以處理。
2．猶豫不決：遲疑不定，無法拿定主意。
4．從容不迫：形容沉著鎮定不慌張。"
853,比喻對任何東西都不侵犯、不取用。,秋毫無犯,無孔不入,不置可否,手無寸鐵,A,"2．無孔不入：任何空隙沒有不鑽進去的。
3．不置可否：形容不表示任何意見。
4．手無寸鐵：形容手上沒有拿任何武器。"
854,形容戰爭所造成的混亂景象。,車水馬龍,兵荒馬亂,十室九空,落花流水,B,"1．車水馬龍：形容繁華熱鬧的景象。
3．十室九空：形容天災人禍造成人民窮困散亡的淒涼景象。
4．落花流水：形容暮春殘敗的景象。"
855,安於本分，謹守其身。,故步自封,安貧樂道,隨遇而安,安分守己,D,"1．故步自封：安於現狀，不求進取。
2．安貧樂道：能安於貧困的處境，並仍以信守道義為樂。
3．隨遇而安：能安於所處的環境。"
856,比喻把握時機，及時奮起行動。,聞雞起舞,按兵不動,投機取巧,十拿九穩,A,"2．按兵不動：形容暫時不採取行動。
3．投機取巧：利用時機，獲取利益。
4．十拿九穩：比喻很有把握。"
857,名聲或名稱與實際相符合。,名不副實,名副其實,異想天開,文不對題,B,"1．名不副實：形容空有虛名，不合實際。
3．異想天開：不符實際、不合事理的奇特想法。
4．文不對題：文章內容和題目不相符合。"
858,指征戰的功勞，亦泛指一般的功勞。,汗馬功勞,馬革裹屍,兵荒馬亂,金戈鐵馬,A,"2．馬革裹屍：比喻英勇作戰，效命沙場。
3．兵荒馬亂：形容戰爭所造成的混亂景象。
4．金戈鐵馬：形容戰士的雄壯英姿。"
859,寫作、寫字，借以比喻賣弄筆墨文辭。,舞文弄墨,惜墨如金,倚馬可待,生花妙筆,A,"2．惜墨如金：比喻寫字、作畫態度謹慎，不輕易下筆。
3．倚馬可待：比喻文思敏捷，寫作迅速。
4．生花妙筆：比喻文筆美妙，寫作能力極佳。"
860,形容人的品格高尚，氣節堅貞。,疾風勁草,高風亮節,德高望重,寡廉鮮恥,B,"1．疾風勁草：比喻在艱難困苦的環境下，才能考驗出人的堅強意志和節操。
3．德高望重：形容人品德高尚，極有聲望。
4．寡廉鮮恥：比喻不知羞恥。"
861,形容脫離現實的想像或念頭。,心血來潮,不可思議,想入非非,一念之差,C,"1．心血來潮：形容突然興起的念頭。
2．不可思議：比喻出乎常情，令人無法想像，難以理解。
4．一念之差：一個念頭的差錯。"
862,理由正大、充分，則氣勢壯盛而無所畏懼。,理直氣壯,視死如歸,排山倒海,氣壯山河,A,"2．視死如歸：形容為了理想而不怕犧性生命，無所畏懼。
3．排山倒海：形容力量巨大，氣勢壯闊。
4．氣壯山河：形容氣勢如高山大河般雄壯豪邁。"
863,形容願望強烈、迫切。,指日可待,一日三秋,事與願違,夢寐以求,D,"1．指日可待：形容願望或期盼不久即將實現。
2．一日三秋：比喻思念心切。
3．事與願違：事實和願望相違背。"
864,比喻掌握他人生死、賞罰的重大權力。,仰人鼻息,不得要領,生殺予奪,豺狼當道,C,"1．仰人鼻息：比喻依靠他人生活。
2．不得要領：無法掌握要點或主旨。
4．豺狼當道：比喻奸人掌握大權，專斷橫行。"
865,厭惡、痛恨到極點。,樂不可支,深惡痛絕,水深火熱,惱羞成怒,B,"1．樂不可支：形容快樂到了極點。
3．水深火熱：比喻處境非常艱困、痛苦。
4．惱羞成怒：因羞愧到極點而惱恨發怒。"
866,指肆意妄為，名聲惡劣。,名副其實,無法無天,聲名狼藉,沽名釣譽,C,"1．名副其實：名聲或名稱與實際相符合。
2．無法無天：形容人肆意妄為毫無顧忌。
4．沽名釣譽：故意使用手段，謀取名聲和讚譽。"
867,比喻渺小而微不足道。,司空見慣,滄海一粟,雕蟲小技,一無所知,B,"1．司空見慣：比喻經常看到，不足為奇。
3．雕蟲小技：比喻微不足道的技能。
4．一無所知：比喻人什麼也不知道。"
868,比喻為假設而非實有的事物。,子虛烏有,虛有其表,明日黃花,名不虛傳,A,"2．虛有其表：形容空有華麗的外表，卻無實際的內涵。
3．明日黃花：比喻過時的事物。
4．名不虛傳：名聲與實際相符，而非徒有虛名。"
869,指事情在即將成功時卻失敗了。,有志竟成,功敗垂成,一敗塗地,瓜熟蒂落,B,"1．有志竟成：立定志向去做，終必成功。
3．一敗塗地：形容做事失敗，到了無法收拾的地步。
4．瓜熟蒂落：比喻時機成熟，事情自然成功。"
870,指以前辛苦獲得的成果，全部廢棄。,為人作嫁,前功盡棄,磨杵成針,事在人為,B,"1．為人作嫁：比喻徒然為他人辛苦，自己卻得不到好處。
3．磨杵成針：比喻只要有恆心，努力去做，無論多麼困難的事，都可以成功。
4．事在人為：事情的成功與否決定於人的努力。"
871,仗著權勢欺壓別人。,作威作福,一呼百諾,欺世盜名,趨炎附勢,A,"2．一呼百諾：形容權勢顯赫，隨從眾多。
3．欺世盜名：比喻欺騙世人，盜取名譽。
4．趨炎附勢：奉承依附有權勢的人。"
872,形容非常寂靜。,鴉雀無聲,若無其事,平心靜氣,風吹草動,A,"2．若無其事：形容神態鎮靜、自然。
3．平心靜氣：形容心情平和，態度冷靜。
4．風吹草動：比喻輕微的變故或動靜。"
873,比喻兩個人本來不相識，因機緣巧合偶然相逢，亦指交情尚屬微淺。,狹路相逢,青梅竹馬,萍水相逢,針鋒相對,C,"1．狹路相逢：比喻仇人相遇。
2．青梅竹馬：指從小就相識的同伴。
4．針鋒相對：比喻相互對立，不相上下。"
874,選擇好的去追隨、採用。,飢不擇食,亦步亦趨,不時之需,擇善而從,D,"1．飢不擇食：指飢餓的人不選擇食物。
2．亦步亦趨：形容事事追隨或仿傚別人。
3．不時之需：指隨時的需用。"
875,比喻事情已成定局，難以挽回。,積重難返,牢不可破,擢髮難數,覆水難收,D,"1．積重難返：長期累積成的不良習慣與弊病，難以改正。
2．牢不可破：形容事情或觀念已經固定，難以改變。
3．擢髮難數：形容罪狀極多，難以計數。"
876,歡樂到了極點，往往會轉生悲哀。,極樂世界,忍無可忍,樂極生悲,樂不可支,C,"1．極樂世界：比喻非常快樂，無憂無慮的生活環境。或用來指死者往生的地方。
2．忍無可忍：忍耐到了極點，無法再忍受。
4．樂不可支：形容快樂到了極點。"
877,形容描繪的對象非常生動逼真。,有教無類,魚目混珠,躍然紙上,張冠李戴,C,"1．有教無類：指施教的對象，沒有貴賤貧富的分別。
2．魚目混珠：比喻以假亂真。
4．張冠李戴：比喻認錯對象或弄錯事情。"
878,比喻人生如夢，富貴得失無常。,南柯一夢,朝秦暮楚,鐘鳴鼎食,白雲蒼狗,A,"2．朝秦暮楚：比喻人心反覆無常。
3．鐘鳴鼎食：形容富貴之家的奢侈豪華。
4．白雲蒼狗：比喻世事變幻無常。"
879,危險或能力不及的事，令人見了就退卻不前。,羽毛未豐,鞭長莫及,望而卻步,岌岌可危,C,"1．羽毛未豐：比喻勢力或能力不夠雄厚，還不足以獨當一面。
2．鞭長莫及：比喻力量有所不及。
4．岌岌可危：形容非常危險。"
880,比喻不合情理的吵鬧或故意搗亂。,逆來順受,無獨有偶,異想天開,無理取鬧,D,"1．逆來順受：以順從的態度接受惡劣環境或不合理的待遇。
2．無獨有偶：某種少見的人、事、物，偏有類同者出現恰巧湊成一對的情況，或兩項事物恰巧相同或類似。
3．異想天開：不符實際、不合事理的奇特想法。"
881,四方相通的道路。,勢均力敵,七零八落,四通八達,繼往開來,C,"1．勢均力敵：指雙方力量情勢相當，不分上下。
2．七零八落：形容零散的樣子。
4．繼往開來：承續先人的事業，並為後人開拓道路。"
882,啟發人深刻思考而有所醒悟。,深思熟慮,不假思索,發人深省,茅塞頓開,C,"1．深思熟慮：仔細而深入地考慮。
2．不假思索：指不經過思考探求，立即做出反應。
4．茅塞頓開：比喻閉塞的心思，頓時豁然醒悟。"
883,比喻被嚴重騷擾。,風聲鶴唳,慘不忍睹,無病呻吟,雞犬不寧,D,"1．風聲鶴唳：形容驚慌疑懼，自相侵擾。
2．慘不忍睹：形容情狀悽慘，令人不忍目睹。
3．無病呻吟：比喻人故作憂戚狀或妄發牢騷。"
884,不記以往的過錯嫌隙。,恬不知恥,史無前例,不念舊惡,目不見睫,C,"1．恬不知恥：有過錯卻安然不以為恥辱。
2．史無前例：指以往從未發生過。
4．目不見睫：比喻人無自知之明，不能看見自己的過失。"
885,形容人的得失心很重。,南柯一夢,得不償失,患得患失,體無完膚,C,"1．南柯一夢：比喻人生如夢，富貴得失無常。
2．得不償失：表示所得不足以抵補所失。
4．體無完膚：形容受傷慘重。"
886,比喻懇切教誨。,耳提面命,有教無類,教學相長,孺子可教,A,"2．有教無類：指施教的對象，沒有貴賤貧富的分別。
3．教學相長：指通過教授、學習，不但能使學生得到進步，而且教師本身的水準也可藉此提高。
4．孺子可教：指年輕人可以教誨裁培。"
887,比喻能執其要領，則細節自能順理而成。,綱舉目張,舉棋不定,不勝枚舉,千頭萬緒,A,"2．舉棋不定：拿著棋子，不能決定下一步怎樣下。
3．不勝枚舉：事物太多，不能一一舉出。
4．千頭萬緒：形容事情雜亂，頭緒紛繁，難以處理。"
888,比喻事外復生事端。,節外生枝,平地風波,起死回生,袖手旁觀,A,"2．平地風波：比喻突然發生事故或變化。
3．起死回生：使瀕死的人復生。
4．袖手旁觀：形容置身事外，不予過問。"
889,懷藏詭計，圖謀害人。,匹夫之勇,包藏禍心,借刀殺人,權宜之計,B,"1．匹夫之勇：形容人有勇無謀。
3．借刀殺人：比喻假他人之手去害人。
4．權宜之計：因應某種時機而暫用的計謀。"
890,艱難困苦的境遇已經結束，轉而逐步進入佳境。,日暮途窮,生靈塗炭,疾風勁草,苦盡甘來,D,"1．日暮途窮：比喻處境非常艱困。
2．生靈塗炭：形容人民處於極端艱苦的困境。
3．疾風勁草：比喻在艱難困苦的環境下，才能考驗出人的堅強意志和節操。"
891,人或事物一出現便迅速消失。,日月如梭,曇花一現,雨後春筍,不同凡響,B,"1．日月如梭：形容時光消逝迅速。
3．雨後春筍：比喻事物在某一時期後大量湧現，迅速發展。
4．不同凡響：比喻特出、不平凡的人或事物。"
892,比喻因襲舊例，缺乏創新。,屋下架屋,推陳出新,陳陳相因,自出機杼,C,"1．屋下架屋：比喻重複模仿，無所創新。
2．推陳出新：比喻排除老舊的，創造出嶄新的事物或方法。
4．自出機杼：比喻獨創新意、風格。"
893,比喻毫無辦法。,雙管齊下,因地制宜,一籌莫展,一錢不值,C,"1．雙管齊下：比喻同時採用兩種辦法來做事。
2．因地制宜：根據不同環境的實際情況制定相應的妥善辦法。
4．一錢不值：比喻毫無價值。"
894,比喻順利晉升到很高的地位。,急流勇退,炙手可熱,平步青雲,身敗名裂,C,"1．急流勇退：比喻在仕途順遂、地位得意時，及早引退。
2．炙手可熱：比喻地位尊貴，勢燄熾盛。
4．身敗名裂：地位毀壞，名譽喪失。"
895,能安於貧困的處境，並仍以信守道義為樂。,牛衣對泣,安步當車,隨遇而安,安貧樂道,D,"1．牛衣對泣：比喻夫妻共度貧困的生活。
2．安步當車：比喻安貧樂賤。
3．隨遇而安：能安於所處的環境。"
896,比喻茫然不知處境極為危險。,岌岌可危,走投無路,家徒四壁,盲人瞎馬,D,"1．岌岌可危：形容非常危險。
2．走投無路：形容處境窘困。
3．家徒四壁：形容家境極為貧困。"
897,比喻庸碌的人無端自尋煩惱。,庸人自擾,差強人意,一鳴驚人,氣急敗壞,A,"2．差強人意：比喻雖然不夠好，但大體上還能讓人滿意。
3．一鳴驚人：比喻平時默默無聞，而後卻突然有驚人的表現。
4．氣急敗壞：形容惱怒的樣子。"
898,大聲喊天，用頭撞地。形容極度哀傷、悲痛。,驚天動地,咬牙切齒,聲淚俱下,呼天搶地,D,"1．驚天動地：形容聲音很大。
2．咬牙切齒：形容非常悲痛憤恨。
3．聲淚俱下：形容極度悲慟、激動。"
899,相互比較之下，其中一方顯得不如對方。,甘拜下風,老馬識途,相形見絀,針鋒相對,C,"1．甘拜下風：表示真心佩服，自認不如對方。
2．老馬識途：比喻有經驗的人對情況比較熟悉，容易把工作做好。
4．針鋒相對：比喻相互對立，不相上下。"
900,形容人多動作紛亂又沒條理。,語無倫次,七嘴八舌,有條不紊,七手八腳,D,"1．語無倫次：說話顛三倒四，毫無條理。
2．七嘴八舌：形容人多口雜，議論紛亂。
3．有條不紊：指條理分明，有次序而不雜亂。"
901,比喻醫師的醫術高明，能治好重病。,不可救藥,百發百中,妙手回春,以毒攻毒,C,"1．不可救藥：病重無藥可醫治。
2．百發百中：形容技術高妙，能命中目標。
4．以毒攻毒：用有毒的藥物來治療毒瘡等疾病。"
902,美名流傳後世為人所稱頌。,膾炙人口,遺臭萬年,流芳百世,洛陽紙貴,C,"1．膾炙人口：比喻詩文或事物受到眾人的喜愛與傳頌。
2．遺臭萬年：惡名永傳後世，為人所唾棄。
4．洛陽紙貴：形容作品風行一時，流傳甚廣。"
903,比喻彼此同樣低劣，並無差異。,休戚與共,迥然不同,一丘之貉,不約而同,C,"1．休戚與共：形容彼此同甘共苦。
2．迥然不同：彼此不同，相差很大。
4．不約而同：彼此並未事先約定，而意見或行為卻相同。"
904,表示真心佩服，自認不如對方。,正中下懷,怨天尤人,甘拜下風,相形見絀,C,"1．正中下懷：形容恰好符合自己的心意。
2．怨天尤人：比喻面對不如意時，一味地歸咎客觀環境，而不能自我檢討。
4．相形見絀：相互比較之下，其中一方顯得不如對方。"
905,比喻輕視人命，任意加以殘害。,落井下石,予取予求,草菅人命,悲天憫人,C,"1．落井下石：比喻乘人危難時，加以陷害。
2．予取予求：比喻任意取求，需索無度。
4．悲天憫人：憂傷時局多變，哀憐百姓疾苦。"
906,處於安樂的時候，要想到危險可能隨時出現。,束手待斃,揚湯止沸,岌岌可危,居安思危,D,"1．束手待斃：比喻危難時不想辦法解決，坐等敗亡。
2．揚湯止沸：比喻暫時紓解困境，無法根本解決問題。
3．岌岌可危：形容非常危險。"
907,形容盼望極其深切。,一日三秋,望眼欲穿,九霄雲外,心花怒放,B,"1．一日三秋：比喻思念心切。
3．九霄雲外：比喻天上極其高遠之處。
4．心花怒放：形容心情極其快活。"
908,比喻服從指揮或跟隨他人進退。,隨波逐流,青梅竹馬,狼狽不堪,馬首是瞻,D,"1．隨波逐流：比喻沒有自己的立場，隨著他人或世俗風氣行動。
2．青梅竹馬：指從小就相識的同伴。
3．狼狽不堪：比喻處境窘迫，進退兩難。"
909,以自身行為作為他人的榜樣。,隱惡揚善,不可一世,為人作嫁,以身作則,D,"1．隱惡揚善：隱藏他人的惡行，宣揚他人的善行。
2．不可一世：指人驕橫自大，目空一切，以為他人無與倫比。
3．為人作嫁：比喻徒然為他人辛苦，自己卻得不到好處。"
910,比喻極端浪費錢財。,兩袖清風,錙銖必較,慷慨解囊,揮金如土,D,"1．兩袖清風：比喻做官清廉，沒有貪取錢財。
2．錙銖必較：對極少的錢財或極細小的事情，都要仔細計較。
3．慷慨解囊：指輕財仗義，毫不吝嗇地捐助錢財給人。"
911,比喻人不忘本。,水乳交融,山高水長,過河拆橋,飲水思源,D,"1．水乳交融：比喻彼此關係密切，契合無間。
2．山高水長：比喻人品高潔，垂範久遠。
3．過河拆橋：比喻不念舊情，忘恩負義。"
912,形容面貌清秀俊麗。,出水芙蓉,眉清目秀,藍田生玉,後起之秀,B,"1．出水芙蓉：比喻女子容貌清麗自然，或詩文清新脫俗。
3．藍田生玉：比喻名門出俊秀子弟。
4．後起之秀：稱譽後輩中的優秀人物。"
913,比喻共同生活或一起做事的人意見不同，各有各的打算。,殊途同歸,黨同伐異,同床異夢,迥然不同,C,"1．殊途同歸：比喻採取的方法雖不同，所得的結果卻相同。
2．黨同伐異：偏袒同一派的人，攻擊意見不同的人。
4．迥然不同：彼此不同，相差很大。"
914,比喻地位尊貴，勢燄熾盛。,炙手可熱,東山再起,養尊處優,平步青雲,A,"2．東山再起：比喻失勢或退隱之後，重新恢復地位、勢力。
3．養尊處優：自處尊貴，生活優裕。
4．平步青雲：比喻順利晉升到很高的地位。"
915,比喻逆來順受，寬容忍讓。,唾面自乾,唯唯諾諾,網開一面,自以為是,A,"2．唯唯諾諾：比喻順從而無所違逆。
3．網開一面：比喻寬大仁厚，對犯錯的人從寬處置。
4．自以為是：自認觀點與做法皆正確，不肯虛心接受別人意見。"
916,比喻情況日漸敗壞。,衣冠禽獸,危如累卵,江河日下,否極泰來,C,"1．衣冠禽獸：比喻品德敗壞的人。
2．危如累卵：比喻情況非常危險。
4．否極泰來：情況由壞逐漸好轉。"
917,比喻要求標準高，而實行能力低。,眼高手低,以貌取人,無能為力,才高八斗,A,"2．以貌取人：以容貌儀表作為評斷或選取人才的標準。
3．無能為力：指沒有能力做好某事。
4．才高八斗：比喻人才學極高。"
918,比喻意志不堅定。,見異思遷,精衛填海,一心一意,風平浪靜,A,"2．精衛填海：比喻意志堅定，不懼艱苦。
3．一心一意：心意專一，毫無他念。
4．風平浪靜：比喻平靜無事或情勢穩定。"
919,比喻對所述事物非常熟悉，能一一詳述。,耳熟能詳,如數家珍,駕輕就熟,不勝枚舉,B,"1．耳熟能詳：聽得非常熟悉，而能詳盡地知道或說出來。
3．駕輕就熟：比喻對事情很熟悉，做起來很輕鬆。
4．不勝枚舉：事物太多，不能一一舉出。"
920,指人平日待在家裡，很少外出。,深居簡出,入不敷出,屈指可數,拋頭露面,A,"2．入不敷出：收入不夠支出。
3．屈指可數：形容數量很少。
4．拋頭露面：泛指出現在大眾面前。"
921,形容明明知道不對，卻故意去做。,明知故犯,隨心所欲,見義勇為,一無所知,A,"2．隨心所欲：比喻完全順隨自己的心意去做事。
3．見義勇為：見到合乎正義的事，就奮勇去做。
4．一無所知：比喻人什麼也不知道。"
922,貪戀沉迷而忘了回去。,流連忘返,揚長而去,數典忘祖,花天酒地,A,"2．揚長而去：掉頭不理，大模大樣地離去。
3．數典忘祖：比喻人忘本。
4．花天酒地：形容沉迷酒色，荒誕腐化的生活。"
923,指互相配合、映襯，更能顯出各自的優點。,同病相憐,瑕瑜互見,相得益彰,相形見絀,C,"1．同病相憐：有同樣不幸遭遇的人互相同情。
2．瑕瑜互見：比喻缺點與優點同時並存。
4．相形見絀：相互比較之下，其中一方顯得不如對方。"
924,比喻期待事情的發展及結果。,方興未艾,拭目以待,以卵投石,水到渠成,B,"1．方興未艾：比喻事態正在蓬勃發展。
3．以卵投石：比喻自不量力或以弱攻強，結果必然失敗。
4．水到渠成：比喻事情自然發展，結果自成。"
925,比喻很緊張的情勢或很危險的時刻。,懸崖勒馬,奄奄一息,千鈞一髮,一觸即發,D,"1．懸崖勒馬：比喻到了危險的邊緣而及時回頭。
2．奄奄一息：形容生命已到了最後時刻。
3．千鈞一髮：比喻非常危險。"
926,形容工作勤奮，日夜不停。,聞雞起舞,克勤克儉,夜以繼日,力爭上游,C,"1．聞雞起舞：比喻把握時機，及時奮起行動。
2．克勤克儉：既能勤勞做事，又能節省用度。
4．力爭上游：比喻努力奮鬥，求取上進。"
927,獨出巧思，不同流俗。,別出心裁,同心協力,言人人殊,異曲同工,A,"2．同心協力：團結一致，共同努力。
3．言人人殊：對同一件事各人所言不同。
4．異曲同工：不同的作法收到同樣的功效。"
928,比喻長期肩負重大的任務。,任重道遠,鑄成大錯,仁至義盡,任勞任怨,A,"2．鑄成大錯：比喻造成重大的錯誤。
3．仁至義盡：形容對他人盡最大的努力關懷照顧。
4．任勞任怨：形容人做事熱心負責，不辭勞苦，不怕嫌怨。"
929,形容光明正大。,鴻鵠之志,康莊大道,驚天動地,堂堂正正,D,"1．鴻鵠之志：比喻志向遠大。
2．康莊大道：比喻平坦順利、前景光明的道路。
3．驚天動地：形容聲音很大。"
930,比喻近距離激烈地搏打、爭鬥。,長驅直入,鉤心鬥角,短兵相接,同室操戈,C,"1．長驅直入：指軍隊長距離迅速挺進，沿途未受阻擋。
2．鉤心鬥角：比喻暗中互相算計、爭鬥。
4．同室操戈：比喻兄弟不睦或內部的爭鬥。"
931,形容人成熟老練，處事沉著穩重。,老成持重,少年老成,老謀深算,老氣橫秋,A,"2．少年老成：年紀雖輕，舉止卻成熟穩重。
3．老謀深算：形容人精明老練，計慮深遠。
4．老氣橫秋：形容人老練而自負的神態。"
932,貌態逼真，彷彿具有生命力。,栩栩如生,龍潭虎穴,生殺予奪,捨生取義,A,"2．龍潭虎穴：比喻危及生命的凶險之地。
3．生殺予奪：比喻掌握他人生死、賞罰的重大權力。
4．捨生取義：指為正義真理而不惜犧牲生命。"
933,年紀雖大但身體仍強健，且志氣豪壯。,少年老成,血氣方剛,年高德劭,老當益壯,D,"1．少年老成：年紀雖輕，舉止卻成熟穩重。
2．血氣方剛：泛指年輕人精力正當旺盛，易於衝動。
3．年高德劭：指年紀大而品德好。"
934,比喻寫字、作畫態度謹慎，不輕易下筆。,行雲流水,小心翼翼,惜墨如金,舞文弄墨,C,"1．行雲流水：形容待人處事或文章字畫飄逸自然，無拘無束。
2．小心翼翼：形容舉止十分謹慎，不敢疏忽。
4．舞文弄墨：寫作、寫字，借以比喻賣弄筆墨文辭。"
935,指詩人以清風、明月等題材來吟詠詩句。,出水芙蓉,吟風弄月,呼風喚雨,叱吒風雲,B,"1．出水芙蓉：比喻女子容貌清麗自然，或詩文清新脫俗。
3．呼風喚雨：指人有召喚風雨的法力。
4．叱吒風雲：形容威風凜冽，足以左右世局。"
936,所有的罪過、災禍都是自己造成的。,罪魁禍首,無妄之災,開門揖盜,咎由自取,D,"1．罪魁禍首：領導或策劃肇禍犯罪的首要人物。
2．無妄之災：比喻意外的災禍。
3．開門揖盜：比喻引進壞人，自招禍患。"
937,形容誠懇正直的規勸往往刺耳，而不易被人接受。,信誓旦旦,言聽計從,忠言逆耳,逆來順受,C,"1．信誓旦旦：指誓言說得非常誠懇可信。
2．言聽計從：形容某人深受信任。
4．逆來順受：以順從的態度接受惡劣環境或不合理的待遇。"
938,因眼前景物而引起某種情感。,目不暇給,曲高和寡,見景生情,吳牛喘月,C,"1．目不暇給：形容眼前美好事物不斷或景物變化太快，讓人來不及觀賞。
2．曲高和寡：比喻無法引起大眾的共鳴。
4．吳牛喘月：比喻因曾受某種事物傷害，遇到類似情形便過分驚懼。"
939,比喻棄置不用。,黃鐘毀棄,束之高閣,不時之需,付之一笑,B,"1．黃鐘毀棄：比喻賢才不被重用。
3．不時之需：指隨時的需用。
4．付之一笑：毫不在意，一笑置之。"
940,形容受了氣也強自忍耐，不敢作聲抗爭。,小心翼翼,趾高氣揚,忍無可忍,忍氣吞聲,D,"1．小心翼翼：形容舉止十分謹慎，不敢疏忽。
2．趾高氣揚：形容驕傲自滿、得意忘形的樣子。
3．忍無可忍：忍耐到了極點，無法再忍受。"
941,比喻不切實際的議論。,好大喜功,天花亂墜,紙上談兵,街談巷議,C,"1．好大喜功：指行事作風鋪張浮誇，不切實際。
2．天花亂墜：形容說話動聽，或浮誇不切實際。
4．街談巷議：大街小巷中的談說議論。"
942,比喻順應情勢行事。,倒行逆施,三思而行,順水推舟,火燒眉毛,C,"1．倒行逆施：比喻不按照情理行事。
2．三思而行：比喻謹慎行事。
4．火燒眉毛：比喻情勢非常急迫。"
943,比喻人刻意混淆是非，顛倒黑白。,指鹿為馬,三姑六婆,剖腹藏珠,移天易日,A,"2．三姑六婆：比喻愛搬弄是非的婦女。
3．剖腹藏珠：形容人愛財傷身的輕重顛倒行為。
4．移天易日：比喻奸臣盜弄政權，顛倒是非，欺上瞞下。"
944,立定志向去做，終必成功。,瓜熟蒂落,一鼓作氣,有志竟成,旗開得勝,C,"1．瓜熟蒂落：比喻時機成熟，事情自然成功。
2．一鼓作氣：比喻做事時要趁著初起時的勇氣去做才容易成功。
4．旗開得勝：比喻事情才一開始就獲得成功。"
945,打開書本閱讀，即能得到好處。,過猶不及,為人作嫁,開卷有益,塞翁失馬,C,"1．過猶不及：做事過分就好比做得不夠一樣，皆不妥當；指事情要做得恰到好處。
2．為人作嫁：比喻徒然為他人辛苦，自己卻得不到好處。
4．塞翁失馬：比喻暫時受到損失，卻因禍得福，終於得到好處。"
946,比喻大的糾紛或風波。,出口成章,隨波逐流,軒然大波,龐然大物,C,"1．出口成章：比喻才思敏捷，談吐風雅。
2．隨波逐流：比喻沒有自己的立場，隨著他人或世俗風氣行動。
4．龐然大物：體積巨大的東西。"
947,形容苟且偷安，不求上進。,鬼鬼祟祟,力爭上游,手足無措,得過且過,D,"1．鬼鬼祟祟：形容行事不光明，偷偷摸摸的樣子。
2．力爭上游：比喻努力奮鬥，求取上進。
3．手足無措：形容人惶恐不安，不知如何是好。"
948,像放下重擔那樣輕鬆。,如釋重負,避重就輕,負重致遠,駕輕就熟,A,"2．避重就輕：避開艱難繁重的工作，而選擇輕鬆容易的。
3．負重致遠：比喻能夠長期擔負重責大任。
4．駕輕就熟：比喻對事情很熟悉，做起來很輕鬆。"
949,形容各方面都照顧到。,面面俱到,顧此失彼,兩全其美,綽綽有餘,A,"2．顧此失彼：指做事時不能全面兼顧。
3．兩全其美：做事顧全雙方，使兩方面都有獲益。
4．綽綽有餘：形容各方面非常寬裕，足以應付所需。"
950,形容變動不定，沒有定準。,猶豫不決,反覆無常,胸有成竹,無懈可擊,B,"1．猶豫不決：遲疑不定，無法拿定主意。
3．胸有成竹：比喻處事有定見。
4．無懈可擊：形容非常嚴密，沒有缺失。"
951,品行端正的人。,衣冠禽獸,正人君子,吳下阿蒙,始作俑者,B,"1．衣冠禽獸：比喻品德敗壞的人。
3．吳下阿蒙：比喻學識淺陋的人。
4．始作俑者：比喻首創惡例的人。"
952,比喻嚴守祕密。,如膠似漆,水泄不通,星羅棋布,守口如瓶,D,"1．如膠似漆：比喻感情的堅固或親密。
2．水泄不通：形容包圍得極為嚴密。
3．星羅棋布：形容布列繁密。"
953,比喻盲動、蠻幹的人最後將自食惡果。,始作俑者,自投羅網,抱薪救火,玩火自焚,D,"1．始作俑者：比喻首創惡例的人。
2．自投羅網：比喻落入他人圈套或自取禍害。
3．抱薪救火：比喻用錯方法，而致禍害加深。"
954,比喻輕微的變故或動靜。,鴉雀無聲,風吹草動,平地風波,風馳電掣,B,"1．鴉雀無聲：形容非常寂靜。
3．平地風波：比喻突然發生事故或變化。
4．風馳電掣：形容行進的速度像疾風閃電般迅速。"
955,使人聽後大為驚駭。,少見多怪,差強人意,一鳴驚人,聳人聽聞,D,"1．少見多怪：譏諷人見識不廣，遇平常之事亦以為驚怪。
2．差強人意：比喻雖然不夠好，但大體上還能讓人滿意。
3．一鳴驚人：比喻平時默默無聞，而後卻突然有驚人的表現。"
956,令人聽了十分震驚。,駭人聽聞,臨深履薄,心驚膽戰,咄咄怪事,A,"2．臨深履薄：比喻戒慎恐懼，十分小心。
3．心驚膽戰：形容十分驚慌害怕。
4．咄咄怪事：指令人感到驚訝，不可思議的事情。"
957,形容戰士的雄壯英姿。,馬革裹屍,金戈鐵馬,汗馬功勞,兵荒馬亂,B,"1．馬革裹屍：比喻英勇作戰，效命沙場。
3．汗馬功勞：指征戰的功勞，亦泛指一般的功勞。
4．兵荒馬亂：形容戰爭所造成的混亂景象。"
958,比喻軍旅眾多，兵力強大。,高朋滿座,旗鼓相當,雷霆萬鈞,投鞭斷流,D,"1．高朋滿座：形容賓客眾多。
2．旗鼓相當：比喻雙方勢均力敵。
3．雷霆萬鈞：比喻威力強大，勢不可擋。"
959,彼此的感情和心意相契合。,涇渭分明,背道而馳,情投意合,莫逆之交,C,"1．涇渭分明：比喻彼此的區別非常清楚。
2．背道而馳：比喻彼此的目標或理想完全相反。
4．莫逆之交：心意相投的朋友。"
960,指截取文章或談話中的某一段落，而不顧整體內容的原意。,斷章取義,開宗明義,旁敲側擊,言之有物,A,"2．開宗明義：說話或寫文章一開始就揭明主旨綱要。
3．旁敲側擊：說話或寫文章不從正面直接說，而是用從旁比喻或暗示來表達。
4．言之有物：指言論或文章有根據、有內容。"
961,比喻騙局之大與技巧之妙。,巧奪天工,偷天換日,高山流水,神通廣大,B,"1．巧奪天工：形容技藝巧妙。
3．高山流水：形容樂曲高妙。
4．神通廣大：形容本領、手段高明巧妙。"
962,形容技藝巧妙。,偷天換日,巧奪天工,百發百中,神通廣大,B,"1．偷天換日：比喻騙局之大與技巧之妙。
3．百發百中：形容技術高妙，能命中目標。
4．神通廣大：形容本領、手段高明巧妙。"
963,形容天災人禍造成人民窮困散亡的淒涼景象。,十室九空,車水馬龍,落花流水,兵荒馬亂,A,"2．車水馬龍：形容繁華熱鬧的景象。
3．落花流水：形容暮春殘敗的景象。
4．兵荒馬亂：形容戰爭所造成的混亂景象。"
964,形容身心安適，無憂無慮。,杞人憂天,高枕無憂,極樂世界,憂心如焚,B,"1．杞人憂天：比喻缺乏根據且不必要的憂慮。
3．極樂世界：比喻非常快樂，無憂無慮的生活環境。或用來指死者往生的地方。
4．憂心如焚：形容非常焦急憂慮。"
965,比喻獨創新意、風格。,屋下架屋,自出機杼,萬象更新,陳陳相因,B,"1．屋下架屋：比喻重複模仿，無所創新。
3．萬象更新：表示大自然界的事物或景象都改變得煥然一新。
4．陳陳相因：比喻因襲舊例，缺乏創新。"
966,堅守個人的節操修養。,一介不取,隱惡揚善,疾風勁草,獨善其身,D,"1．一介不取：形容人的操守非常清廉。
2．隱惡揚善：隱藏他人的惡行，宣揚他人的善行。
3．疾風勁草：比喻在艱難困苦的環境下，才能考驗出人的堅強意志和節操。"
967,體積巨大的東西。,龐然大物,身無長物,借花獻佛,垂涎三尺,A,"2．身無長物：形容除自身之外沒有多餘的東西，生活簡樸或貧窮。
3．借花獻佛：比喻借用他人的東西來作人情。
4．垂涎三尺：比喻看見別人的東西，極想據為己有。"
968,形容對他人盡最大的努力關懷照顧。,身體力行,仁至義盡,事在人為,解衣推食,B,"1．身體力行：指親身努力實踐。
3．事在人為：事情的成功與否決定於人的努力。
4．解衣推食：將衣食贈送他人，以示關懷之意。"
969,比喻一去不復返。,海枯石爛,泥牛入海,樂而忘返,滄海桑田,B,"1．海枯石爛：形容歷時久遠。
3．樂而忘返：指快樂得忘了回去。
4．滄海桑田：大海變為陸地，陸地淪為大海。比喻環境變化很大。"
970,有過錯卻安然不以為恥辱。,恬不知恥,良藥苦口,懲前毖後,不恥下問,A,"2．良藥苦口：比喻有益的勸告雖然不好聽，卻有助於改正過失。
3．懲前毖後：以從前的過失為教訓，戒慎自己不再犯錯。
4．不恥下問：不以向身分較低微或是學問較自己淺陋的人求教為羞恥。"
971,形容完成偉大、艱鉅的事務。,鑄成大錯,大功告成,任重道遠,大器晚成,B,"1．鑄成大錯：比喻造成重大的錯誤。
3．任重道遠：比喻長期肩負重大的任務。
4．大器晚成：比喻卓越的人才往往成就較晚。"
972,比喻人糊裡糊塗或頹廢消沉地活著。,出生入死,九死一生,醉生夢死,夢筆生花,C,"1．出生入死：人從出生到死亡的過程。
2．九死一生：形容歷經極大的危險而倖存。
4．夢筆生花：比喻才思泉湧、文筆富麗。"
973,比喻幫惡人做壞事。,明目張膽,為虎作倀,姑息養奸,養虎遺患,B,"1．明目張膽：比喻肆無忌憚地公然做壞事。
3．姑息養奸：指過分縱容，助長壞人壞事。
4．養虎遺患：比喻不除去仇敵、惡人，將給自己留下後患。"
974,形容群眾普遍的怨恨和不滿。,歌功頌德,怨聲載道,沾沾自喜,自怨自艾,B,"1．歌功頌德：歌頌功績和恩德。
3．沾沾自喜：形容自得自滿的樣子。
4．自怨自艾：形容人消極的埋怨自責。"
975,比喻事情迫於情勢，無法中止，只好繼續做下去。,急如星火,騎虎難下,以訛傳訛,一言難盡,B,"1．急如星火：形容情勢急迫。
3．以訛傳訛：指將不正確的訊息繼續傳播下去。
4．一言難盡：事情非常複雜，無法用簡單的話把它說得清楚。"
976,指歪曲法律條文。,逍遙法外,舞文弄法,金科玉律,以身試法,B,"1．逍遙法外：犯罪者逃避了應受的法律制裁，仍自由自在。
3．金科玉律：形容完善嚴密的法律條文或比喻不可變更的信條。
4．以身試法：無視於法律的制裁而故意犯法。"
977,比喻做官清廉，沒有貪取錢財。,兩袖清風,尸位素餐,揮金如土,明鏡高懸,A,"2．尸位素餐：指空居職位享受俸祿而不盡職守。
3．揮金如土：比喻極端浪費錢財。
4．明鏡高懸：比喻官吏執法能公正嚴明。"
978,形容夫妻間相處融洽，互相敬愛。,一見如故,肝膽相照,相敬如賓,白頭偕老,C,"1．一見如故：初次見面就相處融洽，如同老朋友一般。
2．肝膽相照：比喻赤忱相處。
4．白頭偕老：形容夫妻恩愛到老。"
979,當前最急迫要做的事。,玩物喪志,逼上梁山,當務之急,因噎廢食,C,"1．玩物喪志：形容沉溺於某樣事物，因而荒廢了應做的事。
2．逼上梁山：比喻被迫走上絕路，而做出自己不想做或不應做的事。
4．因噎廢食：比喻曾經出過差錯，唯恐再錯而不去做該做的事。"
980,形容主人招待周到親切，使客人感到滿意。,賓至如歸,喧賓奪主,咄咄怪事,親痛仇快,A,"2．喧賓奪主：指賓客聲勢強大，占了主人的位置，反客為主。
3．咄咄怪事：指令人感到驚訝，不可思議的事情。
4．親痛仇快：一個人因行為失當，而使親人痛心，仇人稱快。"
981,形容所作所為天地所不容。,天誅地滅,天造地設,肝腦塗地,天經地義,A,"2．天造地設：天然所成就的。
3．肝腦塗地：比喻竭盡忠誠，犧牲生命也在所不惜。
4．天經地義：天地間原本如此而不容改變的道理。"
982,比喻環境優美、適宜居住的地方。,天涯海角,彈丸之地,極樂世界,洞天福地,D,"1．天涯海角：形容偏僻或相距遙遠的地方。
2．彈丸之地：比喻狹小的地方。
3．極樂世界：比喻非常快樂，無憂無慮的生活環境。或用來指死者往生的地方。"
983,某種少見的人、事、物，偏有類同者出現恰巧湊成一對的情況，或兩項事物恰巧相同或類似。,無獨有偶,非驢非馬,因時制宜,絕無僅有,A,"2．非驢非馬：比喻事物不倫不類。
3．因時制宜：根據不同時期的情況，採取合宜的措施應對。
4．絕無僅有：形容極為稀少。"
984,形容有依靠而無所顧忌。,唯唯諾諾,旁若無人,有恃無恐,投鼠忌器,C,"1．唯唯諾諾：比喻順從而無所違逆。
2．旁若無人：形容說話舉動毫無顧忌。
4．投鼠忌器：比喻想要除害，但因有所顧忌而不敢下手。"
985,指年紀已大，壽命將盡。,行將就木,壽比南山,延年益壽,年高德劭,A,"2．壽比南山：壽命如終南山那樣長久。為祝人長壽之辭。
3．延年益壽：拉長歲數，增加壽命。
4．年高德劭：指年紀大而品德好。"
986,比喻順利而迅速地升上高位。,長驅直入,立竿見影,青雲直上,雷厲風行,C,"1．長驅直入：指軍隊長距離迅速挺進，沿途未受阻擋。
2．立竿見影：比喻迅速收到成效。
4．雷厲風行：比喻人行事嚴格迅速。"
987,比喻時常聽到，了無新意的老話。,老生常談,自出機杼,老蚌生珠,耳濡目染,A,"2．自出機杼：比喻獨創新意、風格。
3．老蚌生珠：比喻年老得子，或稱高齡的女性產下子女。使用上常帶有戲謔的性質。
4．耳濡目染：經常聽到、看到而深受影響。"
988,比喻將事情隱瞞得非常嚴密，不為外人所知。,無懈可擊,隱姓埋名,諱莫如深,一知半解,C,"1．無懈可擊：形容非常嚴密，沒有缺失。
2．隱姓埋名：隱瞞姓名，不讓別人知道真實的身分。
4．一知半解：形容人所知不全，了解不深。"
989,形容容貌美麗、姿態曼妙的女子。,引人入勝,人面桃花,古色古香,國色天香,D,"1．引人入勝：引領人進入美麗玄妙的境地。
2．人面桃花：女子容貌美麗，可與桃花爭豔。
3．古色古香：形容具有古舊典雅色彩和情調的書畫、或造型仿古的器物、建築、藝術品等。"
990,指結拜為異姓兄弟姊妹的朋友。,八拜之交,投桃報李,忘年之交,莫逆之交,A,"2．投桃報李：比喻朋友間友好往來或相互贈答。
3．忘年之交：不拘年歲行輩而結交為友。
4．莫逆之交：心意相投的朋友。"
991,無視於法律的制裁而故意犯法。,一籌莫展,以身試法,逍遙法外,舞文弄法,B,"1．一籌莫展：比喻毫無辦法。
3．逍遙法外：犯罪者逃避了應受的法律制裁，仍自由自在。
4．舞文弄法：指歪曲法律條文。"
992,比喻放走敵人，後患無窮。,斬草除根,縱虎歸山,腹背受敵,千變萬化,B,"1．斬草除根：比喻除去禍根，不留後患。
3．腹背受敵：前、後都受到敵人的攻擊。
4．千變萬化：形容變化無窮。"
993,比喻沒有能比得上的。,無能為力,無的放矢,無孔不入,無與倫比,D,"1．無能為力：指沒有能力做好某事。
2．無的放矢：比喻言語或行動沒有目的。
3．無孔不入：任何空隙沒有不鑽進去的。"
994,比喻節約使用財物，使之能長久使用。,開源節流,通宵達旦,天長地久,細水長流,D,"1．開源節流：開發財源，節省支出，以儲蓄財力。
2．通宵達旦：一整夜到天亮。
3．天長地久：形容時間的長久無止盡。"
995,形容做事不認真，敷衍了事。,一絲不苟,粗枝大葉,虛應故事,言不由衷,C,"1．一絲不苟：形容做事認真，一點也不馬虎。
2．粗枝大葉：比喻疏略，做事不細密。
4．言不由衷：心口不一，虛應敷衍。"
996,比喻理論真確可靠，永遠不能被改易或推翻。,顛撲不破,自強不息,實事求是,永垂不朽,A,"2．自強不息：自己不斷努力向上，永不懈怠。
3．實事求是：做事切實，力求真確。
4．永垂不朽：永遠流傳而不可磨滅。"
997,把某事放在考慮之外，不放在心上。,輕舉妄動,深思熟慮,目空一切,置之度外,D,"1．輕舉妄動：形容未經慎重考慮，輕率地採取行動。
2．深思熟慮：仔細而深入地考慮。
3．目空一切：形容人高傲自大，什麼都不放在眼裡。"
998,比喻榮華富貴如夢般短暫而虛幻，且終歸泡影。,黃粱一夢,海市蜃樓,鐘鳴鼎食,一刻千金,A,"2．海市蜃樓：由於光線折射造成的自然現象或虛幻的影象。
3．鐘鳴鼎食：形容富貴之家的奢侈豪華。
4．一刻千金：比喻時間極為珍貴。"
999,形容人老練而自負的神態。,老成持重,老氣橫秋,老謀深算,若無其事,B,"1．老成持重：形容人成熟老練，處事沉著穩重。
3．老謀深算：形容人精明老練，計慮深遠。
4．若無其事：形容神態鎮靜、自然。"
1000,稚齡男女，彼此天真無邪，毫無避嫌與猜疑。,兩小無猜,休戚與共,心心相印,半斤八兩,A,"2．休戚與共：形容彼此同甘共苦。
3．心心相印：比喻彼此心意互通。
4．半斤八兩：比喻彼此相當，不相上下。"
